{
  "errorMsg" : null,
  "version" : 1,
  "id" : "6bcLtozp7oZfCdGucXrSGzD0000000000002",
  "orgId" : "6bcLtozp7oZfCdGucXrSGz",
  "frsId" : "451Jbrkn5BtghKg5FzmZk3",
  "name" : "DAILY_RUN_AFTERNOON_SCHEDULE",
  "description" : "This is schedule for the Daily Runs.",
  "createTime" : "2024-08-09T15:20:21Z",
  "updateTime" : "2024-08-25T05:46:01Z",
  "createdBy" : "dheeraj.papola@collaberadigital.com",
  "updatedBy" : "dheeraj.papola@collaberadigital.com",
  "start" : "2024-08-10T06:30:00Z",
  "end" : null,
  "businessHours" : null,
  "frequency" : 1,
  "intervalType" : "Daily",
  "mon" : false,
  "tue" : false,
  "wed" : false,
  "thu" : false,
  "fri" : false,
  "sat" : false,
  "sun" : false,
  "weekDay" : false,
  "dayOfMonth" : 0,
  "weekOfMonth" : null,
  "dayOfWeek" : null,
  "timeZoneId" : "IST",
  "checkScheduleBlackout" : true,
  "modelVersion" : "2.0",
  "status" : "enabled"
}