{
  "errorMsg" : null,
  "version" : 0,
  "id" : "6bcLtozp7oZfCdGucXrSGzD0000000000004",
  "orgId" : "6bcLtozp7oZfCdGucXrSGz",
  "frsId" : "27BQUbPyxe0kuB5PTUtb45",
  "name" : "EDW_Daily_RUN_EVE",
  "description" : "This schedule runs daily at 8PM for EDW nightly batch.",
  "createTime" : "2024-08-24T14:26:29Z",
  "updateTime" : "2024-08-24T14:26:29Z",
  "createdBy" : "dheeraj.papola@collaberadigital.com",
  "updatedBy" : "dheeraj.papola@collaberadigital.com",
  "start" : "2024-08-24T14:30:00Z",
  "end" : null,
  "businessHours" : null,
  "frequency" : 1,
  "intervalType" : "Daily",
  "mon" : true,
  "tue" : true,
  "wed" : true,
  "thu" : true,
  "fri" : true,
  "sat" : true,
  "sun" : true,
  "weekDay" : false,
  "dayOfMonth" : 2,
  "weekOfMonth" : null,
  "dayOfWeek" : null,
  "timeZoneId" : "IST",
  "checkScheduleBlackout" : true,
  "modelVersion" : "2.0",
  "status" : "enabled"
}