{
  "errorMsg" : null,
  "version" : 1,
  "id" : "6bcLtozp7oZfCdGucXrSGzD0000000000006",
  "orgId" : "6bcLtozp7oZfCdGucXrSGz",
  "frsId" : "1aB7A1PulipjbKK7sUZjgC",
  "name" : "EDW_Daily_RUN_AFTER",
  "description" : null,
  "createTime" : "2024-08-25T06:55:21Z",
  "updateTime" : "2024-08-25T12:32:24Z",
  "createdBy" : "dheeraj.papola@collaberadigital.com",
  "updatedBy" : "dheeraj.papola@collaberadigital.com",
  "start" : "2024-08-25T07:30:00Z",
  "end" : null,
  "businessHours" : null,
  "frequency" : 1,
  "intervalType" : "Daily",
  "mon" : false,
  "tue" : false,
  "wed" : false,
  "thu" : false,
  "fri" : false,
  "sat" : false,
  "sun" : false,
  "weekDay" : false,
  "dayOfMonth" : 0,
  "weekOfMonth" : null,
  "dayOfWeek" : null,
  "timeZoneId" : "IST",
  "checkScheduleBlackout" : true,
  "modelVersion" : "2.0",
  "status" : "enabled"
}