{
  "errorMsg" : null,
  "version" : 3,
  "id" : "6bcLtozp7oZfCdGucXrSGzD0000000000005",
  "orgId" : "6bcLtozp7oZfCdGucXrSGz",
  "frsId" : "5jI38AiH38pcqiuhDY7EEG",
  "name" : "EDW_Daily_RUN_MOR",
  "description" : "This schedule runs daily at 10 AM for EDW morning batch.",
  "createTime" : "2024-08-25T05:30:17Z",
  "updateTime" : "2024-08-25T07:59:38Z",
  "createdBy" : "dheeraj.papola@collaberadigital.com",
  "updatedBy" : "dheeraj.papola@collaberadigital.com",
  "start" : "2024-08-25T04:30:00Z",
  "end" : null,
  "businessHours" : null,
  "frequency" : 1,
  "intervalType" : "Daily",
  "mon" : false,
  "tue" : false,
  "wed" : false,
  "thu" : false,
  "fri" : false,
  "sat" : false,
  "sun" : false,
  "weekDay" : false,
  "dayOfMonth" : 0,
  "weekOfMonth" : null,
  "dayOfWeek" : null,
  "timeZoneId" : "IST",
  "checkScheduleBlackout" : true,
  "modelVersion" : "2.0",
  "status" : "enabled"
}