{
  "name" : "SchedulesExport_8-27-2024",
  "sourceOrgId" : "6bcLtozp7oZfCdGucXrSGz",
  "sourceOrgName" : "NAC",
  "exportedObjects" : [ {
    "objectGuid" : "1aB7A1PulipjbKK7sUZjgC",
    "objectName" : "EDW_Daily_RUN_AFTER",
    "objectType" : "SCHEDULE",
    "path" : "/SYS",
    "metadata" : {
      "modelVersion" : {
        "major" : 0,
        "minor" : 0
      },
      "repoInfo" : {
        "repoHandle" : "6bcLtozp7oZfCdGucXrSGzD0000000000006"
      },
      "objectRefs" : [ ],
      "contextAttributes" : [ ],
      "additionalInfo" : {
        "description" : null,
        "contentType" : "JSON",
        "documentState" : "COMPLETE"
      }
    }
  }, {
    "objectGuid" : "451Jbrkn5BtghKg5FzmZk3",
    "objectName" : "DAILY_RUN_AFTERNOON_SCHEDULE",
    "objectType" : "SCHEDULE",
    "path" : "/SYS",
    "metadata" : {
      "modelVersion" : {
        "major" : 0,
        "minor" : 0
      },
      "repoInfo" : {
        "repoHandle" : "6bcLtozp7oZfCdGucXrSGzD0000000000002"
      },
      "objectRefs" : [ ],
      "contextAttributes" : [ ],
      "additionalInfo" : {
        "description" : "This is schedule for the Daily Runs.",
        "contentType" : "JSON",
        "documentState" : "COMPLETE"
      }
    }
  }, {
    "objectGuid" : "27BQUbPyxe0kuB5PTUtb45",
    "objectName" : "EDW_Daily_RUN_EVE",
    "objectType" : "SCHEDULE",
    "path" : "/SYS",
    "metadata" : {
      "modelVersion" : {
        "major" : 0,
        "minor" : 0
      },
      "repoInfo" : {
        "repoHandle" : "6bcLtozp7oZfCdGucXrSGzD0000000000004"
      },
      "objectRefs" : [ ],
      "contextAttributes" : [ ],
      "additionalInfo" : {
        "description" : "This schedule runs daily at 8PM for EDW nightly batch.",
        "contentType" : "JSON",
        "documentState" : "COMPLETE"
      }
    }
  }, {
    "objectGuid" : "5jI38AiH38pcqiuhDY7EEG",
    "objectName" : "EDW_Daily_RUN_MOR",
    "objectType" : "SCHEDULE",
    "path" : "/SYS",
    "metadata" : {
      "modelVersion" : {
        "major" : 0,
        "minor" : 0
      },
      "repoInfo" : {
        "repoHandle" : "6bcLtozp7oZfCdGucXrSGzD0000000000005"
      },
      "objectRefs" : [ ],
      "contextAttributes" : [ ],
      "additionalInfo" : {
        "description" : "This schedule runs daily at 10 AM for EDW morning batch.",
        "contentType" : "JSON",
        "documentState" : "COMPLETE"
      }
    }
  } ]
}