objectPath,objectName,objectType,id
/Explore/Enterprise Data Warehouse/EDW_STG,m_SRC_EDW_STG_Locations,DTEMPLATE,7L9JeWl8m53dmSepXcDlqz
/Explore/Enterprise Data Warehouse/EDW_DEMO,MT_PIVOT_AND_DENORM_DEMO,MTT,7XqiYOX0LkGk8XaoffSDO7
/Explore/Enterprise Data Warehouse/EDW_STG,m_SRC_EDW_STG_Jobs,DTEMPLATE,44mDSOIZP2Tf1Sd6zvVI2y
/Explore/Enterprise Data Warehouse/EDW_TEST,m_AWS_3_SNFLK_EDW_PT,DTEMPLATE,kPjT4q8q3gIgRt46DJnQWf
/Explore/Enterprise Data Warehouse/EDW_DEMO,Get_User_Business_Service,BSERVICE,0pMYMPhDQXRcS1ibqxFveZ
/Explore/Enterprise Data Warehouse/EDW,MT_m_EDW_STG_EDW_Locations,MTT,hd94LbjUIwPbxPChgF1C0r
/Explore/Enterprise Data Warehouse/EDW_DEMO,mct_first_latest,MTT,7hpFopWPOphfUvklN5gOc4
/Explore/Enterprise Data Warehouse/EDW_EXTR,MT_m_EDW_EXTR_Employees_Details,MTT,a5lKhV7PM7AhiTnNY6UsGI
/Explore/Enterprise Data Warehouse/EDW_DEMO,MT_Customer_Orders_XML,MTT,h8lNI6IRAkMlWbgWFRasUr
/Explore/Enterprise Data Warehouse/EDW,MT_m_EDW_STG_EDW_Departments,MTT,1g78BzV2zoBdZ3x2RRGjCC
/Explore/Enterprise Data Warehouse/EDW_STG,m_SRC_EDW_STG_Departments,DTEMPLATE,7YJEUhLZlFVdMMOQsJ6E4F
/Explore/Enterprise Data Warehouse/EDW_TEST,m_SRC_EDW_STG_Regions,DTEMPLATE,4BPif3hVqckeuK8czhDCC5
/Explore/Enterprise Data Warehouse/EDW_STG,REP_TSK_ORA_SRC_TO_FF,DRS,1a7jIKhFUiojWChAAILtMr
/Explore/Enterprise Data Warehouse/EDW_DEMO,m_SF_Customer_HS_using_buffer,DTEMPLATE,0apdIpcNXWibJyh7oKqaOj
/Explore/Enterprise Data Warehouse/EDW,WF_ENTERPRISE_DATA_WARESHOUSE_ALL,TASKFLOW,7D922T9OvGBhAdk7WVv16D
/Explore/Enterprise Data Warehouse/EDW,Mapping2,DTEMPLATE,32aLHDbs7svgaP5wK0l9eU
/Explore/Enterprise Data Warehouse/EDW_DEMO,m_REST_Get_Users,DTEMPLATE,gDOv9Z3RviqcW5nuabZiip
/Explore/Enterprise Data Warehouse/EDW,MT_m_EDW_STG_EDW_Job_History,MTT,aviSNBBdLQFkJ1oET3e3Ky
/SYS,Src_FF_Conn,Connection,6dA7XGrBpkDbnxv1vFxNyM
/Explore,Enterprise Data Warehouse,Project,94UkXSVSxHJbC5FLXOPlUa
/SYS,Tgt_FF_Conn,Connection,hXCyDGq2H8HcGBQohWWxYs
/Explore/Enterprise Data Warehouse/EDW_STG,WF_SRC_EDW_STG_ALL,TASKFLOW,7ATAwG17DALePW2eZEsxgG
/Explore/Enterprise Data Warehouse/EDW_STG,MT_m_SRC_EDW_STG_Job_History,MTT,45EG8CDE5OrbtANJ34K4qp
/Explore/Enterprise Data Warehouse/EDW_DEMO,m_REST_API_Post_Users,DTEMPLATE,7EqTyANuPqLb7U5rkB53Ap
/SYS,Tgt_SNFLK_EXTR_Conn,Connection,9HcDDRLQt8Ejt6UFDNlNUy
/Explore/Enterprise Data Warehouse/EDW_DEMO,CustomersOrders_HS,HSCHEMA,6b9eJBIgidLb1TdlZ4IDqr
/Explore/Enterprise Data Warehouse/EDW,m_EDW_STG_EDW_HR_ALL,DTEMPLATE,9jfx07V1B3DgrElByBk3IE
/Explore/Enterprise Data Warehouse/EDW_TEST,m_Snflk_PDO_demo,DTEMPLATE,5Gbqi7vTg9PfmWhDboTPmH
/Explore/Enterprise Data Warehouse/EDW_DEMO,HS_Orders_data_JSON,HSCHEMA,3rRQcOCspZhhk3hulUFhQg
/Explore/Enterprise Data Warehouse/EDW_TEST,m_AWS_S3_FF_TGT,DTEMPLATE,azJzWADSLeteWEBUvNrHCY
/SYS,Src_Oracle_Conn,Connection,3agMGD1ell7fUzHZ6PMCaF
/Explore/Enterprise Data Warehouse/EDW_STG,MT_m_SRC_EDW_STG_Locations,MTT,5rDHajWP8A4hpqvZXOMAW0
/Explore/Enterprise Data Warehouse,EDW_STG,Folder,j8JN00PxdgwkD08XcnFOmG
/Explore/Enterprise Data Warehouse/EDW_TEST,MT_m_AWS_3_SNFLK_EDW_PT,MTT,aZVYabRLDSDcEWQfE1mRQv
/Explore/Enterprise Data Warehouse/EDW,WF_EDW_STG_EDW_HR_ALL,TASKFLOW,8SD1tx9x50Ad3gawDtJZot
/Explore/Enterprise Data Warehouse/EDW_DEMO,m_Order_Data_JSON,DTEMPLATE,2zhujssc4lzfsb55ckCmwp
/Explore/Enterprise Data Warehouse/EDW_STG,MTT_m_FF_Partitoning_demo,MTT,6vsX2K8SKs4idF7DgCBOkK
/Explore/Enterprise Data Warehouse/EDW,m_EDW_STG_EDW_Jobs,DTEMPLATE,h3ZlpdhdGq5kJwfY8D8EMq
/SYS,DHEERAJSINGH-PC,AgentGroup,6iRNHHtAWc9i6oCUO45m6A
/Explore/Enterprise Data Warehouse/EDW_DEMO,MT_Order_Data_JSON,MTT,85a1qqHG8uHc1vLvgeXBcn
/SYS,Src_SNFLK_Conn,Connection,2HXaCWRs5eBfqkJCKuVZGo
/Explore/Enterprise Data Warehouse,EDW_EXTR,Folder,2hXufeNkPoElOI17m58ae8
/Explore/Enterprise Data Warehouse/EDW_STG,m_FF_Partitoning_demo,DTEMPLATE,epscKZvqa0VlQ093GewcAU
/Explore/Enterprise Data Warehouse/EDW,WF_EDW_STG_EDW_ALL,TASKFLOW,0lcPwdJy5kah7HzxmhpAyT
/Explore/Enterprise Data Warehouse,EDW_DEMO,Folder,3jN7tBiiAwIhSRzSXqwYee
/Explore/Enterprise Data Warehouse/EDW_STG,m_EDW_STG_HR_ALL,DTEMPLATE,9WFx9TWR2G6cUDBvtCfe2g
/Explore/Enterprise Data Warehouse/EDW_STG,MT_m_SRC_EDW_STG_Employees,MTT,15ItqyMNdmLkrv7eQ10WmX
/Explore/Enterprise Data Warehouse/EDW,m_EDW_STG_EDW_Regions,DTEMPLATE,gI2tnxNdDi8j4ZvqIzIRK8
/Explore/Enterprise Data Warehouse/EDW_STG,m_SRC_EDW_STG_Regions,DTEMPLATE,akmjcWNsxOIirVdl7b2G2e
/Explore/Enterprise Data Warehouse/EDW,MT_m_EDW_STG_EDW_Regions,MTT,9hwkA6rBogafvewb2XVgUj
/Explore/Enterprise Data Warehouse/EDW_TEST,m_SRC_EDW_STG_Employees,DTEMPLATE,7Ob0R5Kv3lFfMnC1dIg8US
/Explore/Enterprise Data Warehouse/EDW_TEST,MT_m_AWS_S3_FF_TGT,MTT,29WWeblgWagffBOCXBX6w0
/Explore/Enterprise Data Warehouse/EDW_DEMO,m_PIVOT_AND_DENORM_DEMO,DTEMPLATE,2BAu1Zs4N7KeVGgaSuNlIl
/Explore/Enterprise Data Warehouse/EDW,MT_m_EDW_STG_EDW_HR_ALL,MTT,9Vicm7bx7evlBsf3cebMcP
/SYS,REST_Get_Users_Conn,Connection,6fitQtXj9C5j4kGMOOyE8J
/Explore/Enterprise Data Warehouse/EDW,WF_ENTERPRISE_HR_DATA_WARESHOUSE_ALL,TASKFLOW,6Kb0NPzLe5yh8jmvHVLRmt
/Explore/Enterprise Data Warehouse/EDW_DEMO,m_first_latest,DTEMPLATE,4RxyzWxMWKQlToqqaXHrwT
/Explore/Enterprise Data Warehouse/EDW_STG,DTT_FF_DB_LARGE_CSV,DTT,cJfi66qO1CZfY5YQtxmQ6l
/Explore/Enterprise Data Warehouse/EDW_DEMO,m_REST_API_midstream,DTEMPLATE,3CwTGstPYMZdthDWVSwVQD
/Explore/Enterprise Data Warehouse/EDW_DEMO,MT_Max_date,MTT,ehCin9B1KyAkSk00YHz56p
/Explore/Enterprise Data Warehouse/EDW_DEMO,Data_Trnsfr_Ora_Snflk_Tsk,DTT,3YjkCcraikziGRWVLzq8Cq
/Explore/Enterprise Data Warehouse/EDW_STG,MT_m_SRC_EDW_STG_Regions,MTT,2g2XuXQ7MP1hPUvBcAFRU8
/Explore/Enterprise Data Warehouse/EDW_DEMO,MT_first_last_record,MTT,86Qr4zemS2lfPNoQBkvWKn
/Explore/Enterprise Data Warehouse/EDW,MT_m_EDW_STG_EDW_Employees,MTT,9IHMHloObKCe04S9HSbGqi
/Explore/Enterprise Data Warehouse/EDW,MT_m_EDW_STG_EDW_Jobs,MTT,bJaqi6Ql3ovbPHkom4oVo8
/Explore/Enterprise Data Warehouse/EDW_TEST,MT_m_EDW_STG_EDW_Employees,MTT,40HXqLSF5gPgBe6dkwZgS2
/Explore/Enterprise Data Warehouse/EDW_DEMO,MT_SF_Customer_HS_using_buffer,MTT,fI6vIfKqxEvi8DyXHybR0V
/Explore/Enterprise Data Warehouse/EDW_STG,MT_m_SRC_EDW_STG_Jobs,MTT,4sdLgh7OqUQkvcK2DZ5iI9
/SYS,Snflk_Connector_EDW_conn,Connection,7Um04dg4C7Qk7fdb9QL7O9
/Explore/Enterprise Data Warehouse/EDW_DEMO,m_Max_date,DTEMPLATE,9YkIZ4bI4YTdNA2Kfm2gGW
/Explore/Enterprise Data Warehouse/EDW_STG,WF_SRC_EDW_STG_HR_ALL,TASKFLOW,jiaiFwh33yjkvRNA8yp60K
/Explore/Enterprise Data Warehouse,EDW,Folder,aNY7oLgEMsukOEd9dn6tiw
/Explore/Enterprise Data Warehouse/EDW,m_EDW_STG_EDW_Employees,DTEMPLATE,jE5o3WDtTAiiqtDIkUSxmw
/Explore/Enterprise Data Warehouse/EDW_DEMO,m_LastRunDate_demo,DTEMPLATE,968BMdRJya6kycgdz7e1ov
/Explore/Enterprise Data Warehouse/EDW_DEMO,Tsk_First_New_Latest_1,TASKFLOW,8k4pUHnR0iYcd9nDxjMIsY
/Explore/Enterprise Data Warehouse/EDW_STG,MT_m_SRC_EDW_STG_Countries,MTT,0mXkATo34slh6nUaRlCvC1
/Explore/Enterprise Data Warehouse/EDW,MT_m_EDW_STG_EDW_Countries,MTT,6LK1LPgOrP2d3eLy1Ks1Cr
/SYS,REST_Post_Users_Conn,Connection,aPbLdYg55m5kzYlJsgAq47
/Explore/Enterprise Data Warehouse/EDW_STG,MT_m_SRC_EDW_STG_Departments,MTT,kQDMiTN2ng5gWp5zGMpYIq
/Explore/Enterprise Data Warehouse/EDW_DEMO,m_Max_date_Oracle,DTEMPLATE,a5jJNZx5R0ieClTk1QnHUl
/Explore/Enterprise Data Warehouse/EDW_STG,MT_m_EDW_STG_HR_ALL,MTT,0MAwCeOuPpXiHP9IXAB8yL
/Explore/Enterprise Data Warehouse/EDW_STG,m_SRC_EDW_STG_Employees,DTEMPLATE,cpAbJsXYbqUcYsbSket4GT
/SYS,Snflk_Connector_EDW_STG_conn,Connection,1vtgEnpST20d5HDsDTVIkJ
/Explore/Enterprise Data Warehouse/EDW,m_EDW_STG_EDW_Departments,DTEMPLATE,7v4aq5ftC1YegfnCjNzUi1
/Explore/Enterprise Data Warehouse/EDW_DEMO,Tsk_First_New_Latest,TASKFLOW,4vF9o4zu4Ellks0uVeble2
/Explore/Enterprise Data Warehouse/EDW_TEST,m_EDW_STG_EDW_Employees,DTEMPLATE,0J4V365xCNqezTpgJYirSK
/Explore/Enterprise Data Warehouse/EDW_DEMO,m_first_last_record,DTEMPLATE,4A0fF4h8lxNhtDdCLksTy5
/Explore/Enterprise Data Warehouse/EDW,WF_LT_EDW_ALL,WORKFLOW,7xrz3jQPPW3ensV1iD2h84
/Explore/Enterprise Data Warehouse/EDW_DEMO,SF_Customer_HS,HSCHEMA,bs2kGgXY82CkHLtqHAkCeA
/Explore/Enterprise Data Warehouse/EDW_DEMO,MT_REST_Get_Users,MTT,chQtzp3LpUjkeYhhLpnQ8e
/Explore/Enterprise Data Warehouse,EDW_TEST,Folder,iUYKTPTILugcjMsziJd768
/Explore/Enterprise Data Warehouse/EDW_DEMO,MT_LastRunDate,MTT,9AWCTBnDF71fX3PKWAKrkn
/Explore/Enterprise Data Warehouse/EDW_DEMO,MT_REST_API_Get_Users_midstream,MTT,b4uVwEWSsA4eJfC7sVMcWv
/Explore/Enterprise Data Warehouse/EDW_DEMO,m_Customer_Orders_XML,DTEMPLATE,j9vUmwWPW8OjjN58DNxdIy
/Explore/Enterprise Data Warehouse/EDW_STG,m_SRC_EDW_STG_Job_History,DTEMPLATE,2EfBrVEULO9jZQGHW2vKyd
/Explore/Enterprise Data Warehouse/EDW_STG,m_SRC_EDW_STG_Countries,DTEMPLATE,8vpEfl8EzX7gRWlfnhW2St
/Explore/Enterprise Data Warehouse/EDW_TEST,MT_m_Snflk_PDO_demo,MTT,1WHXt6eclyrknAX8HNASwy
/Explore/Enterprise Data Warehouse/EDW_DEMO,MT_REST_API_Post_Users,MTT,8Z1B5rXlimrgTz4YUQNqGc
/Explore/Enterprise Data Warehouse/EDW_TEST,MT_m_SRC_EDW_STG_Regions,MTT,0bWqGyg6xnSi3v6J82pxU3
/Explore/Enterprise Data Warehouse/EDW,m_EDW_STG_EDW_Countries,DTEMPLATE,5aREN4iFYS1fgmLwLbRnex
/Explore/Enterprise Data Warehouse/EDW,m_EDW_STG_EDW_Locations,DTEMPLATE,f9WxuprZIkGlpOQHy4q5wC
/Explore/Enterprise Data Warehouse/EDW_DEMO,m_param_connection,DTEMPLATE,0HHwKuBGwMfcSjxLd66A2L
/Explore/Enterprise Data Warehouse/EDW_EXTR,m_EDW_EXTR_Employees_Details,DTEMPLATE,k3hXGiNGmKxdiLNCvVJEm5
/SYS,AWS_S3_DW_Conn,Connection,3YkvJGGEiX1lE3fx86cfsh
/Explore/Enterprise Data Warehouse/EDW_DEMO,MT_Max_date_oracle,MTT,1wDnDWk2G5sd5LdNye3gQW
/SYS,Tgt_SNFLK_Conn,Connection,7wrxaYP39a2fheExgRgtgm
/Explore/Enterprise Data Warehouse/EDW_STG,ST_Ora_Snflk_Employees_Details,DSS,555jHcVel4xfrgqqrx6bIA
/Explore/Enterprise Data Warehouse/EDW_TEST,MT_m_SRC_EDW_STG_Employees,MTT,69cGgttnDiHbBgQcbl9scD
/Explore/Enterprise Data Warehouse/EDW_DEMO,MT_param_connection,MTT,0Y9eu3GbTEagMyReFOa6sE
/Explore/Enterprise Data Warehouse/EDW,m_EDW_STG_EDW_Job_History,DTEMPLATE,50UD7J0NZmFbEfpssyGQug