{
  "name" : "Enterprise Data Warehouse Export 4_Octtober_2024",
  "sourceOrgId" : "jXFz8PUt3kKlme5Rj9rhK6",
  "sourceOrgName" : "NAC",
  "exportedObjects" : [ {
    "objectGuid" : "7L9JeWl8m53dmSepXcDlqz",
    "objectName" : "m_SRC_EDW_STG_Locations",
    "objectType" : "DTEMPLATE",
    "path" : "/Explore/Enterprise Data Warehouse/EDW_STG",
    "metadata" : {
      "modelVersion" : {
        "major" : 0,
        "minor" : 0
      },
      "repoInfo" : {
        "repoHandle" : "012P7X1700000000001O"
      },
      "objectRefs" : [ "2HXaCWRs5eBfqkJCKuVZGo", "3agMGD1ell7fUzHZ6PMCaF" ],
      "contextAttributes" : [ {
        "name" : "id",
        "value" : "@1"
      } ],
      "additionalInfo" : {
        "description" : "",
        "contentType" : "JSON",
        "documentState" : "VALID"
      }
    }
  }, {
    "objectGuid" : "7XqiYOX0LkGk8XaoffSDO7",
    "objectName" : "MT_PIVOT_AND_DENORM_DEMO",
    "objectType" : "MTT",
    "path" : "/Explore/Enterprise Data Warehouse/EDW_DEMO",
    "metadata" : {
      "modelVersion" : {
        "major" : 0,
        "minor" : 0
      },
      "repoInfo" : {
        "repoHandle" : "012P7X0Z00000000000Q"
      },
      "objectRefs" : [ "2HXaCWRs5eBfqkJCKuVZGo", "hXCyDGq2H8HcGBQohWWxYs", "2BAu1Zs4N7KeVGgaSuNlIl", "6iRNHHtAWc9i6oCUO45m6A" ],
      "contextAttributes" : [ {
        "name" : "id",
        "value" : "@1"
      } ],
      "additionalInfo" : {
        "description" : null,
        "contentType" : "JSON",
        "documentState" : "VALID"
      }
    }
  }, {
    "objectGuid" : "44mDSOIZP2Tf1Sd6zvVI2y",
    "objectName" : "m_SRC_EDW_STG_Jobs",
    "objectType" : "DTEMPLATE",
    "path" : "/Explore/Enterprise Data Warehouse/EDW_STG",
    "metadata" : {
      "modelVersion" : {
        "major" : 0,
        "minor" : 0
      },
      "repoInfo" : {
        "repoHandle" : "012P7X17000000000013"
      },
      "objectRefs" : [ "2HXaCWRs5eBfqkJCKuVZGo", "3agMGD1ell7fUzHZ6PMCaF" ],
      "contextAttributes" : [ {
        "name" : "id",
        "value" : "@1"
      } ],
      "additionalInfo" : {
        "description" : "",
        "contentType" : "JSON",
        "documentState" : "VALID"
      }
    }
  }, {
    "objectGuid" : "kPjT4q8q3gIgRt46DJnQWf",
    "objectName" : "m_AWS_3_SNFLK_EDW_PT",
    "objectType" : "DTEMPLATE",
    "path" : "/Explore/Enterprise Data Warehouse/EDW_TEST",
    "metadata" : {
      "modelVersion" : {
        "major" : 0,
        "minor" : 0
      },
      "repoInfo" : {
        "repoHandle" : "012P7X1700000000001W"
      },
      "objectRefs" : [ "3YkvJGGEiX1lE3fx86cfsh", "1vtgEnpST20d5HDsDTVIkJ" ],
      "contextAttributes" : [ {
        "name" : "id",
        "value" : "@1"
      } ],
      "additionalInfo" : {
        "description" : "",
        "contentType" : "JSON",
        "documentState" : "VALID"
      }
    }
  }, {
    "objectGuid" : "0pMYMPhDQXRcS1ibqxFveZ",
    "objectName" : "Get_User_Business_Service",
    "objectType" : "BSERVICE",
    "path" : "/Explore/Enterprise Data Warehouse/EDW_DEMO",
    "metadata" : {
      "modelVersion" : {
        "major" : 0,
        "minor" : 0
      },
      "repoInfo" : {
        "repoHandle" : "012P7X27000000000002"
      },
      "objectRefs" : [ "6fitQtXj9C5j4kGMOOyE8J" ],
      "contextAttributes" : [ {
        "name" : "id",
        "value" : "@1"
      }, {
        "name" : "012P7X28000000000002",
        "value" : "0pMYMPhDQXRcS1ibqxFveZ@GET_USER"
      } ],
      "additionalInfo" : {
        "description" : "",
        "contentType" : "JSON",
        "documentState" : "VALID"
      }
    }
  }, {
    "objectGuid" : "hd94LbjUIwPbxPChgF1C0r",
    "objectName" : "MT_m_EDW_STG_EDW_Locations",
    "objectType" : "MTT",
    "path" : "/Explore/Enterprise Data Warehouse/EDW",
    "metadata" : {
      "modelVersion" : {
        "major" : 0,
        "minor" : 0
      },
      "repoInfo" : {
        "repoHandle" : "012P7X0Z00000000000L"
      },
      "objectRefs" : [ "2HXaCWRs5eBfqkJCKuVZGo", "f9WxuprZIkGlpOQHy4q5wC", "7wrxaYP39a2fheExgRgtgm", "6iRNHHtAWc9i6oCUO45m6A" ],
      "contextAttributes" : [ {
        "name" : "id",
        "value" : "@1"
      } ],
      "additionalInfo" : {
        "description" : null,
        "contentType" : "JSON",
        "documentState" : "VALID"
      }
    }
  }, {
    "objectGuid" : "7hpFopWPOphfUvklN5gOc4",
    "objectName" : "mct_first_latest",
    "objectType" : "MTT",
    "path" : "/Explore/Enterprise Data Warehouse/EDW_DEMO",
    "metadata" : {
      "modelVersion" : {
        "major" : 0,
        "minor" : 0
      },
      "repoInfo" : {
        "repoHandle" : "012P7X0Z00000000000N"
      },
      "objectRefs" : [ "hXCyDGq2H8HcGBQohWWxYs", "4RxyzWxMWKQlToqqaXHrwT", "6dA7XGrBpkDbnxv1vFxNyM", "6iRNHHtAWc9i6oCUO45m6A" ],
      "contextAttributes" : [ {
        "name" : "id",
        "value" : "@1"
      } ],
      "additionalInfo" : {
        "description" : null,
        "contentType" : "JSON",
        "documentState" : "VALID"
      }
    }
  }, {
    "objectGuid" : "a5lKhV7PM7AhiTnNY6UsGI",
    "objectName" : "MT_m_EDW_EXTR_Employees_Details",
    "objectType" : "MTT",
    "path" : "/Explore/Enterprise Data Warehouse/EDW_EXTR",
    "metadata" : {
      "modelVersion" : {
        "major" : 0,
        "minor" : 0
      },
      "repoInfo" : {
        "repoHandle" : "012P7X0Z00000000000A"
      },
      "objectRefs" : [ "hXCyDGq2H8HcGBQohWWxYs", "9HcDDRLQt8Ejt6UFDNlNUy", "k3hXGiNGmKxdiLNCvVJEm5", "6iRNHHtAWc9i6oCUO45m6A" ],
      "contextAttributes" : [ {
        "name" : "id",
        "value" : "@1"
      } ],
      "additionalInfo" : {
        "description" : null,
        "contentType" : "JSON",
        "documentState" : "VALID"
      }
    }
  }, {
    "objectGuid" : "h8lNI6IRAkMlWbgWFRasUr",
    "objectName" : "MT_Customer_Orders_XML",
    "objectType" : "MTT",
    "path" : "/Explore/Enterprise Data Warehouse/EDW_DEMO",
    "metadata" : {
      "modelVersion" : {
        "major" : 0,
        "minor" : 0
      },
      "repoInfo" : {
        "repoHandle" : "012P7X0Z000000000005"
      },
      "objectRefs" : [ "hXCyDGq2H8HcGBQohWWxYs", "6b9eJBIgidLb1TdlZ4IDqr", "j9vUmwWPW8OjjN58DNxdIy", "6dA7XGrBpkDbnxv1vFxNyM", "6iRNHHtAWc9i6oCUO45m6A" ],
      "contextAttributes" : [ {
        "name" : "id",
        "value" : "@1"
      } ],
      "additionalInfo" : {
        "description" : null,
        "contentType" : "JSON",
        "documentState" : "VALID"
      }
    }
  }, {
    "objectGuid" : "1g78BzV2zoBdZ3x2RRGjCC",
    "objectName" : "MT_m_EDW_STG_EDW_Departments",
    "objectType" : "MTT",
    "path" : "/Explore/Enterprise Data Warehouse/EDW",
    "metadata" : {
      "modelVersion" : {
        "major" : 0,
        "minor" : 0
      },
      "repoInfo" : {
        "repoHandle" : "012P7X0Z00000000000J"
      },
      "objectRefs" : [ "2HXaCWRs5eBfqkJCKuVZGo", "7v4aq5ftC1YegfnCjNzUi1", "7wrxaYP39a2fheExgRgtgm", "6iRNHHtAWc9i6oCUO45m6A" ],
      "contextAttributes" : [ {
        "name" : "id",
        "value" : "@1"
      } ],
      "additionalInfo" : {
        "description" : null,
        "contentType" : "JSON",
        "documentState" : "VALID"
      }
    }
  }, {
    "objectGuid" : "7YJEUhLZlFVdMMOQsJ6E4F",
    "objectName" : "m_SRC_EDW_STG_Departments",
    "objectType" : "DTEMPLATE",
    "path" : "/Explore/Enterprise Data Warehouse/EDW_STG",
    "metadata" : {
      "modelVersion" : {
        "major" : 0,
        "minor" : 0
      },
      "repoInfo" : {
        "repoHandle" : "012P7X1700000000001G"
      },
      "objectRefs" : [ "2HXaCWRs5eBfqkJCKuVZGo", "3agMGD1ell7fUzHZ6PMCaF" ],
      "contextAttributes" : [ {
        "name" : "id",
        "value" : "@1"
      } ],
      "additionalInfo" : {
        "description" : "",
        "contentType" : "JSON",
        "documentState" : "VALID"
      }
    }
  }, {
    "objectGuid" : "4BPif3hVqckeuK8czhDCC5",
    "objectName" : "m_SRC_EDW_STG_Regions",
    "objectType" : "DTEMPLATE",
    "path" : "/Explore/Enterprise Data Warehouse/EDW_TEST",
    "metadata" : {
      "modelVersion" : {
        "major" : 0,
        "minor" : 0
      },
      "repoInfo" : {
        "repoHandle" : "012P7X1700000000001R"
      },
      "objectRefs" : [ "3agMGD1ell7fUzHZ6PMCaF", "1vtgEnpST20d5HDsDTVIkJ" ],
      "contextAttributes" : [ {
        "name" : "id",
        "value" : "@1"
      } ],
      "additionalInfo" : {
        "description" : "",
        "contentType" : "JSON",
        "documentState" : "VALID"
      }
    }
  }, {
    "objectGuid" : "1a7jIKhFUiojWChAAILtMr",
    "objectName" : "REP_TSK_ORA_SRC_TO_FF",
    "objectType" : "DRS",
    "path" : "/Explore/Enterprise Data Warehouse/EDW_STG",
    "metadata" : {
      "modelVersion" : {
        "major" : 0,
        "minor" : 0
      },
      "repoInfo" : {
        "repoHandle" : "012P7X0G000000000002"
      },
      "objectRefs" : [ "hXCyDGq2H8HcGBQohWWxYs", "3agMGD1ell7fUzHZ6PMCaF" ],
      "contextAttributes" : [ {
        "name" : "id",
        "value" : "@1"
      } ],
      "additionalInfo" : {
        "description" : null,
        "contentType" : "JSON",
        "documentState" : "VALID"
      }
    }
  }, {
    "objectGuid" : "0apdIpcNXWibJyh7oKqaOj",
    "objectName" : "m_SF_Customer_HS_using_buffer",
    "objectType" : "DTEMPLATE",
    "path" : "/Explore/Enterprise Data Warehouse/EDW_DEMO",
    "metadata" : {
      "modelVersion" : {
        "major" : 0,
        "minor" : 0
      },
      "repoInfo" : {
        "repoHandle" : "012P7X1700000000001E"
      },
      "objectRefs" : [ "2HXaCWRs5eBfqkJCKuVZGo", "hXCyDGq2H8HcGBQohWWxYs", "bs2kGgXY82CkHLtqHAkCeA" ],
      "contextAttributes" : [ {
        "name" : "id",
        "value" : "@1"
      } ],
      "additionalInfo" : {
        "description" : "",
        "contentType" : "JSON",
        "documentState" : "VALID"
      }
    }
  }, {
    "objectGuid" : "7D922T9OvGBhAdk7WVv16D",
    "objectName" : "WF_ENTERPRISE_DATA_WARESHOUSE_ALL",
    "objectType" : "TASKFLOW",
    "path" : "/Explore/Enterprise Data Warehouse/EDW",
    "metadata" : {
      "modelVersion" : {
        "major" : 1,
        "minor" : 0
      },
      "repoInfo" : {
        "repoHandle" : "ETXjyRUDv2vSx0a-gt-9671897-2024-08-29T07:02:54.871Z::tf.xml"
      },
      "objectRefs" : [ "7ATAwG17DALePW2eZEsxgG", "0lcPwdJy5kah7HzxmhpAyT" ],
      "contextAttributes" : null,
      "additionalInfo" : {
        "description" : "",
        "contentType" : "application/json; charset=utf-8",
        "documentState" : "VALID"
      }
    }
  }, {
    "objectGuid" : "gDOv9Z3RviqcW5nuabZiip",
    "objectName" : "m_REST_Get_Users",
    "objectType" : "DTEMPLATE",
    "path" : "/Explore/Enterprise Data Warehouse/EDW_DEMO",
    "metadata" : {
      "modelVersion" : {
        "major" : 0,
        "minor" : 0
      },
      "repoInfo" : {
        "repoHandle" : "012P7X17000000000012"
      },
      "objectRefs" : [ "hXCyDGq2H8HcGBQohWWxYs", "6fitQtXj9C5j4kGMOOyE8J" ],
      "contextAttributes" : [ {
        "name" : "id",
        "value" : "@1"
      } ],
      "additionalInfo" : {
        "description" : "",
        "contentType" : "JSON",
        "documentState" : "VALID"
      }
    }
  }, {
    "objectGuid" : "aviSNBBdLQFkJ1oET3e3Ky",
    "objectName" : "MT_m_EDW_STG_EDW_Job_History",
    "objectType" : "MTT",
    "path" : "/Explore/Enterprise Data Warehouse/EDW",
    "metadata" : {
      "modelVersion" : {
        "major" : 0,
        "minor" : 0
      },
      "repoInfo" : {
        "repoHandle" : "012P7X0Z000000000008"
      },
      "objectRefs" : [ "2HXaCWRs5eBfqkJCKuVZGo", "50UD7J0NZmFbEfpssyGQug", "7wrxaYP39a2fheExgRgtgm", "6iRNHHtAWc9i6oCUO45m6A" ],
      "contextAttributes" : [ {
        "name" : "id",
        "value" : "@1"
      } ],
      "additionalInfo" : {
        "description" : null,
        "contentType" : "JSON",
        "documentState" : "VALID"
      }
    }
  }, {
    "objectGuid" : "6dA7XGrBpkDbnxv1vFxNyM",
    "objectName" : "Src_FF_Conn",
    "objectType" : "Connection",
    "path" : "/SYS",
    "metadata" : {
      "modelVersion" : {
        "major" : 0,
        "minor" : 0
      },
      "repoInfo" : {
        "repoHandle" : "012P7X0B000000000005"
      },
      "objectRefs" : [ "6iRNHHtAWc9i6oCUO45m6A" ],
      "contextAttributes" : [ {
        "name" : "id",
        "value" : "@1"
      } ],
      "additionalInfo" : {
        "description" : "Source Flat File Connection",
        "contentType" : "JSON",
        "documentState" : "COMPLETE"
      }
    }
  }, {
    "objectGuid" : "94UkXSVSxHJbC5FLXOPlUa",
    "objectName" : "Enterprise Data Warehouse",
    "objectType" : "Project",
    "path" : "/Explore",
    "metadata" : {
      "modelVersion" : {
        "major" : 0,
        "minor" : 0
      },
      "repoInfo" : null,
      "objectRefs" : [ ],
      "contextAttributes" : [ ],
      "additionalInfo" : {
        "description" : "This is an Enterprise Datawarehouse project for the Organization.",
        "contentType" : "Binary",
        "documentState" : "COMPLETE"
      }
    }
  }, {
    "objectGuid" : "hXCyDGq2H8HcGBQohWWxYs",
    "objectName" : "Tgt_FF_Conn",
    "objectType" : "Connection",
    "path" : "/SYS",
    "metadata" : {
      "modelVersion" : {
        "major" : 0,
        "minor" : 0
      },
      "repoInfo" : {
        "repoHandle" : "012P7X0B000000000007"
      },
      "objectRefs" : [ "6iRNHHtAWc9i6oCUO45m6A" ],
      "contextAttributes" : [ {
        "name" : "id",
        "value" : "@1"
      } ],
      "additionalInfo" : {
        "description" : "Target Flat File Connection",
        "contentType" : "JSON",
        "documentState" : "COMPLETE"
      }
    }
  }, {
    "objectGuid" : "7ATAwG17DALePW2eZEsxgG",
    "objectName" : "WF_SRC_EDW_STG_ALL",
    "objectType" : "TASKFLOW",
    "path" : "/Explore/Enterprise Data Warehouse/EDW_STG",
    "metadata" : {
      "modelVersion" : {
        "major" : 1,
        "minor" : 0
      },
      "repoInfo" : {
        "repoHandle" : "nyXYDdxKlFmVSci-gt-9671843-2024-08-29T07:02:52.097Z::tf.xml"
      },
      "objectRefs" : [ "0mXkATo34slh6nUaRlCvC1", "kQDMiTN2ng5gWp5zGMpYIq", "4sdLgh7OqUQkvcK2DZ5iI9", "45EG8CDE5OrbtANJ34K4qp", "2g2XuXQ7MP1hPUvBcAFRU8", "15ItqyMNdmLkrv7eQ10WmX", "5rDHajWP8A4hpqvZXOMAW0" ],
      "contextAttributes" : null,
      "additionalInfo" : {
        "description" : "",
        "contentType" : "application/json; charset=utf-8",
        "documentState" : "VALID"
      }
    }
  }, {
    "objectGuid" : "45EG8CDE5OrbtANJ34K4qp",
    "objectName" : "MT_m_SRC_EDW_STG_Job_History",
    "objectType" : "MTT",
    "path" : "/Explore/Enterprise Data Warehouse/EDW_STG",
    "metadata" : {
      "modelVersion" : {
        "major" : 0,
        "minor" : 0
      },
      "repoInfo" : {
        "repoHandle" : "012P7X0Z00000000000T"
      },
      "objectRefs" : [ "2HXaCWRs5eBfqkJCKuVZGo", "2EfBrVEULO9jZQGHW2vKyd", "3agMGD1ell7fUzHZ6PMCaF", "6iRNHHtAWc9i6oCUO45m6A" ],
      "contextAttributes" : [ {
        "name" : "id",
        "value" : "@1"
      } ],
      "additionalInfo" : {
        "description" : null,
        "contentType" : "JSON",
        "documentState" : "VALID"
      }
    }
  }, {
    "objectGuid" : "7EqTyANuPqLb7U5rkB53Ap",
    "objectName" : "m_REST_API_Post_Users",
    "objectType" : "DTEMPLATE",
    "path" : "/Explore/Enterprise Data Warehouse/EDW_DEMO",
    "metadata" : {
      "modelVersion" : {
        "major" : 0,
        "minor" : 0
      },
      "repoInfo" : {
        "repoHandle" : "012P7X1700000000001A"
      },
      "objectRefs" : [ "2HXaCWRs5eBfqkJCKuVZGo", "aPbLdYg55m5kzYlJsgAq47" ],
      "contextAttributes" : [ {
        "name" : "id",
        "value" : "@1"
      } ],
      "additionalInfo" : {
        "description" : "",
        "contentType" : "JSON",
        "documentState" : "VALID"
      }
    }
  }, {
    "objectGuid" : "9HcDDRLQt8Ejt6UFDNlNUy",
    "objectName" : "Tgt_SNFLK_EXTR_Conn",
    "objectType" : "Connection",
    "path" : "/SYS",
    "metadata" : {
      "modelVersion" : {
        "major" : 0,
        "minor" : 0
      },
      "repoInfo" : {
        "repoHandle" : "012P7X0B000000000008"
      },
      "objectRefs" : [ "6iRNHHtAWc9i6oCUO45m6A" ],
      "contextAttributes" : [ {
        "name" : "id",
        "value" : "@1"
      } ],
      "additionalInfo" : {
        "description" : "Extracts Snowflake Connection",
        "contentType" : "JSON",
        "documentState" : "COMPLETE"
      }
    }
  }, {
    "objectGuid" : "6b9eJBIgidLb1TdlZ4IDqr",
    "objectName" : "CustomersOrders_HS",
    "objectType" : "HSCHEMA",
    "path" : "/Explore/Enterprise Data Warehouse/EDW_DEMO",
    "metadata" : {
      "modelVersion" : {
        "major" : 0,
        "minor" : 0
      },
      "repoInfo" : {
        "repoHandle" : "012P7X36000000000007"
      },
      "objectRefs" : [ ],
      "contextAttributes" : [ {
        "name" : "id",
        "value" : "@1"
      } ],
      "additionalInfo" : {
        "description" : "",
        "contentType" : "JSON",
        "documentState" : "VALID"
      }
    }
  }, {
    "objectGuid" : "9jfx07V1B3DgrElByBk3IE",
    "objectName" : "m_EDW_STG_EDW_HR_ALL",
    "objectType" : "DTEMPLATE",
    "path" : "/Explore/Enterprise Data Warehouse/EDW",
    "metadata" : {
      "modelVersion" : {
        "major" : 0,
        "minor" : 0
      },
      "repoInfo" : {
        "repoHandle" : "012P7X1700000000001Y"
      },
      "objectRefs" : [ "2HXaCWRs5eBfqkJCKuVZGo", "7wrxaYP39a2fheExgRgtgm" ],
      "contextAttributes" : [ {
        "name" : "id",
        "value" : "@1"
      } ],
      "additionalInfo" : {
        "description" : "",
        "contentType" : "JSON",
        "documentState" : "VALID"
      }
    }
  }, {
    "objectGuid" : "5Gbqi7vTg9PfmWhDboTPmH",
    "objectName" : "m_Snflk_PDO_demo",
    "objectType" : "DTEMPLATE",
    "path" : "/Explore/Enterprise Data Warehouse/EDW_TEST",
    "metadata" : {
      "modelVersion" : {
        "major" : 0,
        "minor" : 0
      },
      "repoInfo" : {
        "repoHandle" : "012P7X1700000000001U"
      },
      "objectRefs" : [ "7Um04dg4C7Qk7fdb9QL7O9", "1vtgEnpST20d5HDsDTVIkJ" ],
      "contextAttributes" : [ {
        "name" : "id",
        "value" : "@1"
      } ],
      "additionalInfo" : {
        "description" : "",
        "contentType" : "JSON",
        "documentState" : "VALID"
      }
    }
  }, {
    "objectGuid" : "3rRQcOCspZhhk3hulUFhQg",
    "objectName" : "HS_Orders_data_JSON",
    "objectType" : "HSCHEMA",
    "path" : "/Explore/Enterprise Data Warehouse/EDW_DEMO",
    "metadata" : {
      "modelVersion" : {
        "major" : 0,
        "minor" : 0
      },
      "repoInfo" : {
        "repoHandle" : "012P7X36000000000005"
      },
      "objectRefs" : [ ],
      "contextAttributes" : [ {
        "name" : "id",
        "value" : "@1"
      } ],
      "additionalInfo" : {
        "description" : "",
        "contentType" : "JSON",
        "documentState" : "VALID"
      }
    }
  }, {
    "objectGuid" : "azJzWADSLeteWEBUvNrHCY",
    "objectName" : "m_AWS_S3_FF_TGT",
    "objectType" : "DTEMPLATE",
    "path" : "/Explore/Enterprise Data Warehouse/EDW_TEST",
    "metadata" : {
      "modelVersion" : {
        "major" : 0,
        "minor" : 0
      },
      "repoInfo" : {
        "repoHandle" : "012P7X1700000000001V"
      },
      "objectRefs" : [ "hXCyDGq2H8HcGBQohWWxYs", "3YkvJGGEiX1lE3fx86cfsh" ],
      "contextAttributes" : [ {
        "name" : "id",
        "value" : "@1"
      } ],
      "additionalInfo" : {
        "description" : "",
        "contentType" : "JSON",
        "documentState" : "VALID"
      }
    }
  }, {
    "objectGuid" : "3agMGD1ell7fUzHZ6PMCaF",
    "objectName" : "Src_Oracle_Conn",
    "objectType" : "Connection",
    "path" : "/SYS",
    "metadata" : {
      "modelVersion" : {
        "major" : 0,
        "minor" : 0
      },
      "repoInfo" : {
        "repoHandle" : "012P7X0B00000000000A"
      },
      "objectRefs" : [ "6iRNHHtAWc9i6oCUO45m6A" ],
      "contextAttributes" : [ {
        "name" : "id",
        "value" : "@1"
      } ],
      "additionalInfo" : {
        "description" : "Oracle Source Connection.",
        "contentType" : "JSON",
        "documentState" : "COMPLETE"
      }
    }
  }, {
    "objectGuid" : "5rDHajWP8A4hpqvZXOMAW0",
    "objectName" : "MT_m_SRC_EDW_STG_Locations",
    "objectType" : "MTT",
    "path" : "/Explore/Enterprise Data Warehouse/EDW_STG",
    "metadata" : {
      "modelVersion" : {
        "major" : 0,
        "minor" : 0
      },
      "repoInfo" : {
        "repoHandle" : "012P7X0Z00000000000S"
      },
      "objectRefs" : [ "2HXaCWRs5eBfqkJCKuVZGo", "7L9JeWl8m53dmSepXcDlqz", "3agMGD1ell7fUzHZ6PMCaF", "6iRNHHtAWc9i6oCUO45m6A" ],
      "contextAttributes" : [ {
        "name" : "id",
        "value" : "@1"
      } ],
      "additionalInfo" : {
        "description" : null,
        "contentType" : "JSON",
        "documentState" : "VALID"
      }
    }
  }, {
    "objectGuid" : "j8JN00PxdgwkD08XcnFOmG",
    "objectName" : "EDW_STG",
    "objectType" : "Folder",
    "path" : "/Explore/Enterprise Data Warehouse",
    "metadata" : {
      "modelVersion" : {
        "major" : 0,
        "minor" : 0
      },
      "repoInfo" : null,
      "objectRefs" : [ ],
      "contextAttributes" : [ ],
      "additionalInfo" : {
        "description" : "This folder contains SRC to EDW Staging using SCD1.",
        "contentType" : "Binary",
        "documentState" : "COMPLETE"
      }
    }
  }, {
    "objectGuid" : "aZVYabRLDSDcEWQfE1mRQv",
    "objectName" : "MT_m_AWS_3_SNFLK_EDW_PT",
    "objectType" : "MTT",
    "path" : "/Explore/Enterprise Data Warehouse/EDW_TEST",
    "metadata" : {
      "modelVersion" : {
        "major" : 0,
        "minor" : 0
      },
      "repoInfo" : {
        "repoHandle" : "012P7X0Z000000000011"
      },
      "objectRefs" : [ "kPjT4q8q3gIgRt46DJnQWf", "3YkvJGGEiX1lE3fx86cfsh", "1vtgEnpST20d5HDsDTVIkJ", "6iRNHHtAWc9i6oCUO45m6A" ],
      "contextAttributes" : [ {
        "name" : "id",
        "value" : "@1"
      } ],
      "additionalInfo" : {
        "description" : null,
        "contentType" : "JSON",
        "documentState" : "VALID"
      }
    }
  }, {
    "objectGuid" : "8SD1tx9x50Ad3gawDtJZot",
    "objectName" : "WF_EDW_STG_EDW_HR_ALL",
    "objectType" : "TASKFLOW",
    "path" : "/Explore/Enterprise Data Warehouse/EDW",
    "metadata" : {
      "modelVersion" : {
        "major" : 1,
        "minor" : 0
      },
      "repoInfo" : {
        "repoHandle" : "goE9paabdqpw0VP-gt-1535886-2024-09-22T06:13:19.111Z::tf.xml"
      },
      "objectRefs" : [ "9Vicm7bx7evlBsf3cebMcP" ],
      "contextAttributes" : null,
      "additionalInfo" : {
        "description" : "",
        "contentType" : "application/json; charset=utf-8",
        "documentState" : "VALID"
      }
    }
  }, {
    "objectGuid" : "2zhujssc4lzfsb55ckCmwp",
    "objectName" : "m_Order_Data_JSON",
    "objectType" : "DTEMPLATE",
    "path" : "/Explore/Enterprise Data Warehouse/EDW_DEMO",
    "metadata" : {
      "modelVersion" : {
        "major" : 0,
        "minor" : 0
      },
      "repoInfo" : {
        "repoHandle" : "012P7X1700000000001B"
      },
      "objectRefs" : [ "hXCyDGq2H8HcGBQohWWxYs", "3rRQcOCspZhhk3hulUFhQg", "6dA7XGrBpkDbnxv1vFxNyM" ],
      "contextAttributes" : [ {
        "name" : "id",
        "value" : "@1"
      } ],
      "additionalInfo" : {
        "description" : "",
        "contentType" : "JSON",
        "documentState" : "VALID"
      }
    }
  }, {
    "objectGuid" : "6vsX2K8SKs4idF7DgCBOkK",
    "objectName" : "MTT_m_FF_Partitoning_demo",
    "objectType" : "MTT",
    "path" : "/Explore/Enterprise Data Warehouse/EDW_STG",
    "metadata" : {
      "modelVersion" : {
        "major" : 0,
        "minor" : 0
      },
      "repoInfo" : {
        "repoHandle" : "012P7X0Z00000000000F"
      },
      "objectRefs" : [ "epscKZvqa0VlQ093GewcAU", "6dA7XGrBpkDbnxv1vFxNyM", "1vtgEnpST20d5HDsDTVIkJ", "6iRNHHtAWc9i6oCUO45m6A" ],
      "contextAttributes" : [ {
        "name" : "id",
        "value" : "@1"
      } ],
      "additionalInfo" : {
        "description" : null,
        "contentType" : "JSON",
        "documentState" : "VALID"
      }
    }
  }, {
    "objectGuid" : "h3ZlpdhdGq5kJwfY8D8EMq",
    "objectName" : "m_EDW_STG_EDW_Jobs",
    "objectType" : "DTEMPLATE",
    "path" : "/Explore/Enterprise Data Warehouse/EDW",
    "metadata" : {
      "modelVersion" : {
        "major" : 0,
        "minor" : 0
      },
      "repoInfo" : {
        "repoHandle" : "012P7X17000000000017"
      },
      "objectRefs" : [ "2HXaCWRs5eBfqkJCKuVZGo", "7wrxaYP39a2fheExgRgtgm" ],
      "contextAttributes" : [ {
        "name" : "id",
        "value" : "@1"
      } ],
      "additionalInfo" : {
        "description" : "",
        "contentType" : "JSON",
        "documentState" : "VALID"
      }
    }
  }, {
    "objectGuid" : "6iRNHHtAWc9i6oCUO45m6A",
    "objectName" : "DHEERAJSINGH-PC",
    "objectType" : "AgentGroup",
    "path" : "/SYS",
    "metadata" : {
      "modelVersion" : {
        "major" : 0,
        "minor" : 0
      },
      "repoInfo" : {
        "repoHandle" : "012P7X25000000000002"
      },
      "objectRefs" : [ ],
      "contextAttributes" : [ {
        "name" : "id",
        "value" : "@1"
      } ],
      "additionalInfo" : {
        "description" : null,
        "contentType" : "JSON",
        "documentState" : "VALID"
      }
    }
  }, {
    "objectGuid" : "85a1qqHG8uHc1vLvgeXBcn",
    "objectName" : "MT_Order_Data_JSON",
    "objectType" : "MTT",
    "path" : "/Explore/Enterprise Data Warehouse/EDW_DEMO",
    "metadata" : {
      "modelVersion" : {
        "major" : 0,
        "minor" : 0
      },
      "repoInfo" : {
        "repoHandle" : "012P7X0Z00000000000C"
      },
      "objectRefs" : [ "hXCyDGq2H8HcGBQohWWxYs", "3rRQcOCspZhhk3hulUFhQg", "2zhujssc4lzfsb55ckCmwp", "6dA7XGrBpkDbnxv1vFxNyM", "6iRNHHtAWc9i6oCUO45m6A" ],
      "contextAttributes" : [ {
        "name" : "id",
        "value" : "@1"
      } ],
      "additionalInfo" : {
        "description" : null,
        "contentType" : "JSON",
        "documentState" : "VALID"
      }
    }
  }, {
    "objectGuid" : "2HXaCWRs5eBfqkJCKuVZGo",
    "objectName" : "Src_SNFLK_Conn",
    "objectType" : "Connection",
    "path" : "/SYS",
    "metadata" : {
      "modelVersion" : {
        "major" : 0,
        "minor" : 0
      },
      "repoInfo" : {
        "repoHandle" : "012P7X0B000000000006"
      },
      "objectRefs" : [ "6iRNHHtAWc9i6oCUO45m6A" ],
      "contextAttributes" : [ {
        "name" : "id",
        "value" : "@1"
      } ],
      "additionalInfo" : {
        "description" : "Source Snowflake Connection",
        "contentType" : "JSON",
        "documentState" : "COMPLETE"
      }
    }
  }, {
    "objectGuid" : "2hXufeNkPoElOI17m58ae8",
    "objectName" : "EDW_EXTR",
    "objectType" : "Folder",
    "path" : "/Explore/Enterprise Data Warehouse",
    "metadata" : {
      "modelVersion" : {
        "major" : 0,
        "minor" : 0
      },
      "repoInfo" : null,
      "objectRefs" : [ ],
      "contextAttributes" : [ ],
      "additionalInfo" : {
        "description" : "This is the Project folder for the extracts needed as per requirements.",
        "contentType" : "Binary",
        "documentState" : "COMPLETE"
      }
    }
  }, {
    "objectGuid" : "epscKZvqa0VlQ093GewcAU",
    "objectName" : "m_FF_Partitoning_demo",
    "objectType" : "DTEMPLATE",
    "path" : "/Explore/Enterprise Data Warehouse/EDW_STG",
    "metadata" : {
      "modelVersion" : {
        "major" : 0,
        "minor" : 0
      },
      "repoInfo" : {
        "repoHandle" : "012P7X1700000000001J"
      },
      "objectRefs" : [ "6dA7XGrBpkDbnxv1vFxNyM", "1vtgEnpST20d5HDsDTVIkJ" ],
      "contextAttributes" : [ {
        "name" : "id",
        "value" : "@1"
      } ],
      "additionalInfo" : {
        "description" : "",
        "contentType" : "JSON",
        "documentState" : "VALID"
      }
    }
  }, {
    "objectGuid" : "0lcPwdJy5kah7HzxmhpAyT",
    "objectName" : "WF_EDW_STG_EDW_ALL",
    "objectType" : "TASKFLOW",
    "path" : "/Explore/Enterprise Data Warehouse/EDW",
    "metadata" : {
      "modelVersion" : {
        "major" : 1,
        "minor" : 0
      },
      "repoInfo" : {
        "repoHandle" : "vwNXHVOJ2oTVMTo-gt-9671887-2024-08-29T07:02:53.517Z::tf.xml"
      },
      "objectRefs" : [ "1g78BzV2zoBdZ3x2RRGjCC", "6LK1LPgOrP2d3eLy1Ks1Cr", "9hwkA6rBogafvewb2XVgUj", "hd94LbjUIwPbxPChgF1C0r", "9IHMHloObKCe04S9HSbGqi", "aviSNBBdLQFkJ1oET3e3Ky", "bJaqi6Ql3ovbPHkom4oVo8" ],
      "contextAttributes" : null,
      "additionalInfo" : {
        "description" : "",
        "contentType" : "application/json; charset=utf-8",
        "documentState" : "VALID"
      }
    }
  }, {
    "objectGuid" : "3jN7tBiiAwIhSRzSXqwYee",
    "objectName" : "EDW_DEMO",
    "objectType" : "Folder",
    "path" : "/Explore/Enterprise Data Warehouse",
    "metadata" : {
      "modelVersion" : {
        "major" : 0,
        "minor" : 0
      },
      "repoInfo" : null,
      "objectRefs" : [ ],
      "contextAttributes" : [ ],
      "additionalInfo" : {
        "description" : "This folder will have the demo mappings for the POC work.",
        "contentType" : "Binary",
        "documentState" : "COMPLETE"
      }
    }
  }, {
    "objectGuid" : "9WFx9TWR2G6cUDBvtCfe2g",
    "objectName" : "m_EDW_STG_HR_ALL",
    "objectType" : "DTEMPLATE",
    "path" : "/Explore/Enterprise Data Warehouse/EDW_STG",
    "metadata" : {
      "modelVersion" : {
        "major" : 0,
        "minor" : 0
      },
      "repoInfo" : {
        "repoHandle" : "012P7X1700000000001X"
      },
      "objectRefs" : [ "2HXaCWRs5eBfqkJCKuVZGo", "3agMGD1ell7fUzHZ6PMCaF" ],
      "contextAttributes" : [ {
        "name" : "id",
        "value" : "@1"
      } ],
      "additionalInfo" : {
        "description" : "",
        "contentType" : "JSON",
        "documentState" : "VALID"
      }
    }
  }, {
    "objectGuid" : "15ItqyMNdmLkrv7eQ10WmX",
    "objectName" : "MT_m_SRC_EDW_STG_Employees",
    "objectType" : "MTT",
    "path" : "/Explore/Enterprise Data Warehouse/EDW_STG",
    "metadata" : {
      "modelVersion" : {
        "major" : 0,
        "minor" : 0
      },
      "repoInfo" : {
        "repoHandle" : "012P7X0Z00000000000D"
      },
      "objectRefs" : [ "2HXaCWRs5eBfqkJCKuVZGo", "cpAbJsXYbqUcYsbSket4GT", "3agMGD1ell7fUzHZ6PMCaF", "6iRNHHtAWc9i6oCUO45m6A" ],
      "contextAttributes" : [ {
        "name" : "id",
        "value" : "@1"
      } ],
      "additionalInfo" : {
        "description" : null,
        "contentType" : "JSON",
        "documentState" : "VALID"
      }
    }
  }, {
    "objectGuid" : "gI2tnxNdDi8j4ZvqIzIRK8",
    "objectName" : "m_EDW_STG_EDW_Regions",
    "objectType" : "DTEMPLATE",
    "path" : "/Explore/Enterprise Data Warehouse/EDW",
    "metadata" : {
      "modelVersion" : {
        "major" : 0,
        "minor" : 0
      },
      "repoInfo" : {
        "repoHandle" : "012P7X17000000000015"
      },
      "objectRefs" : [ "2HXaCWRs5eBfqkJCKuVZGo", "7wrxaYP39a2fheExgRgtgm" ],
      "contextAttributes" : [ {
        "name" : "id",
        "value" : "@1"
      } ],
      "additionalInfo" : {
        "description" : "",
        "contentType" : "JSON",
        "documentState" : "VALID"
      }
    }
  }, {
    "objectGuid" : "akmjcWNsxOIirVdl7b2G2e",
    "objectName" : "m_SRC_EDW_STG_Regions",
    "objectType" : "DTEMPLATE",
    "path" : "/Explore/Enterprise Data Warehouse/EDW_STG",
    "metadata" : {
      "modelVersion" : {
        "major" : 0,
        "minor" : 0
      },
      "repoInfo" : {
        "repoHandle" : "012P7X1700000000001H"
      },
      "objectRefs" : [ "2HXaCWRs5eBfqkJCKuVZGo", "3agMGD1ell7fUzHZ6PMCaF" ],
      "contextAttributes" : [ {
        "name" : "id",
        "value" : "@1"
      } ],
      "additionalInfo" : {
        "description" : "",
        "contentType" : "JSON",
        "documentState" : "VALID"
      }
    }
  }, {
    "objectGuid" : "9hwkA6rBogafvewb2XVgUj",
    "objectName" : "MT_m_EDW_STG_EDW_Regions",
    "objectType" : "MTT",
    "path" : "/Explore/Enterprise Data Warehouse/EDW",
    "metadata" : {
      "modelVersion" : {
        "major" : 0,
        "minor" : 0
      },
      "repoInfo" : {
        "repoHandle" : "012P7X0Z000000000006"
      },
      "objectRefs" : [ "2HXaCWRs5eBfqkJCKuVZGo", "gI2tnxNdDi8j4ZvqIzIRK8", "7wrxaYP39a2fheExgRgtgm", "6iRNHHtAWc9i6oCUO45m6A" ],
      "contextAttributes" : [ {
        "name" : "id",
        "value" : "@1"
      } ],
      "additionalInfo" : {
        "description" : null,
        "contentType" : "JSON",
        "documentState" : "VALID"
      }
    }
  }, {
    "objectGuid" : "7Ob0R5Kv3lFfMnC1dIg8US",
    "objectName" : "m_SRC_EDW_STG_Employees",
    "objectType" : "DTEMPLATE",
    "path" : "/Explore/Enterprise Data Warehouse/EDW_TEST",
    "metadata" : {
      "modelVersion" : {
        "major" : 0,
        "minor" : 0
      },
      "repoInfo" : {
        "repoHandle" : "012P7X1700000000001S"
      },
      "objectRefs" : [ "3agMGD1ell7fUzHZ6PMCaF", "1vtgEnpST20d5HDsDTVIkJ" ],
      "contextAttributes" : [ {
        "name" : "id",
        "value" : "@1"
      } ],
      "additionalInfo" : {
        "description" : "",
        "contentType" : "JSON",
        "documentState" : "VALID"
      }
    }
  }, {
    "objectGuid" : "29WWeblgWagffBOCXBX6w0",
    "objectName" : "MT_m_AWS_S3_FF_TGT",
    "objectType" : "MTT",
    "path" : "/Explore/Enterprise Data Warehouse/EDW_TEST",
    "metadata" : {
      "modelVersion" : {
        "major" : 0,
        "minor" : 0
      },
      "repoInfo" : {
        "repoHandle" : "012P7X0Z000000000010"
      },
      "objectRefs" : [ "hXCyDGq2H8HcGBQohWWxYs", "3YkvJGGEiX1lE3fx86cfsh", "azJzWADSLeteWEBUvNrHCY", "6iRNHHtAWc9i6oCUO45m6A" ],
      "contextAttributes" : [ {
        "name" : "id",
        "value" : "@1"
      } ],
      "additionalInfo" : {
        "description" : null,
        "contentType" : "JSON",
        "documentState" : "VALID"
      }
    }
  }, {
    "objectGuid" : "2BAu1Zs4N7KeVGgaSuNlIl",
    "objectName" : "m_PIVOT_AND_DENORM_DEMO",
    "objectType" : "DTEMPLATE",
    "path" : "/Explore/Enterprise Data Warehouse/EDW_DEMO",
    "metadata" : {
      "modelVersion" : {
        "major" : 0,
        "minor" : 0
      },
      "repoInfo" : {
        "repoHandle" : "012P7X1700000000001C"
      },
      "objectRefs" : [ "2HXaCWRs5eBfqkJCKuVZGo", "hXCyDGq2H8HcGBQohWWxYs" ],
      "contextAttributes" : [ {
        "name" : "id",
        "value" : "@1"
      } ],
      "additionalInfo" : {
        "description" : "",
        "contentType" : "JSON",
        "documentState" : "VALID"
      }
    }
  }, {
    "objectGuid" : "9Vicm7bx7evlBsf3cebMcP",
    "objectName" : "MT_m_EDW_STG_EDW_HR_ALL",
    "objectType" : "MTT",
    "path" : "/Explore/Enterprise Data Warehouse/EDW",
    "metadata" : {
      "modelVersion" : {
        "major" : 0,
        "minor" : 0
      },
      "repoInfo" : {
        "repoHandle" : "012P7X0Z000000000013"
      },
      "objectRefs" : [ "2HXaCWRs5eBfqkJCKuVZGo", "9jfx07V1B3DgrElByBk3IE", "7wrxaYP39a2fheExgRgtgm", "6iRNHHtAWc9i6oCUO45m6A" ],
      "contextAttributes" : [ {
        "name" : "id",
        "value" : "@1"
      } ],
      "additionalInfo" : {
        "description" : null,
        "contentType" : "JSON",
        "documentState" : "VALID"
      }
    }
  }, {
    "objectGuid" : "6fitQtXj9C5j4kGMOOyE8J",
    "objectName" : "REST_Get_Users_Conn",
    "objectType" : "Connection",
    "path" : "/SYS",
    "metadata" : {
      "modelVersion" : {
        "major" : 0,
        "minor" : 0
      },
      "repoInfo" : {
        "repoHandle" : "012P7X0B00000000000C"
      },
      "objectRefs" : [ "6iRNHHtAWc9i6oCUO45m6A" ],
      "contextAttributes" : [ {
        "name" : "id",
        "value" : "@1"
      } ],
      "additionalInfo" : {
        "description" : null,
        "contentType" : "JSON",
        "documentState" : "COMPLETE"
      }
    }
  }, {
    "objectGuid" : "6Kb0NPzLe5yh8jmvHVLRmt",
    "objectName" : "WF_ENTERPRISE_HR_DATA_WARESHOUSE_ALL",
    "objectType" : "TASKFLOW",
    "path" : "/Explore/Enterprise Data Warehouse/EDW",
    "metadata" : {
      "modelVersion" : {
        "major" : 1,
        "minor" : 0
      },
      "repoInfo" : {
        "repoHandle" : "BHSCpwNXHS45bfT-gt-1841901-2024-09-22T06:15:15.442Z::tf.xml"
      },
      "objectRefs" : [ "8SD1tx9x50Ad3gawDtJZot", "jiaiFwh33yjkvRNA8yp60K" ],
      "contextAttributes" : null,
      "additionalInfo" : {
        "description" : "",
        "contentType" : "application/json; charset=utf-8",
        "documentState" : "VALID"
      }
    }
  }, {
    "objectGuid" : "4RxyzWxMWKQlToqqaXHrwT",
    "objectName" : "m_first_latest",
    "objectType" : "DTEMPLATE",
    "path" : "/Explore/Enterprise Data Warehouse/EDW_DEMO",
    "metadata" : {
      "modelVersion" : {
        "major" : 0,
        "minor" : 0
      },
      "repoInfo" : {
        "repoHandle" : "012P7X1700000000001D"
      },
      "objectRefs" : [ "hXCyDGq2H8HcGBQohWWxYs", "6dA7XGrBpkDbnxv1vFxNyM" ],
      "contextAttributes" : [ {
        "name" : "id",
        "value" : "@1"
      } ],
      "additionalInfo" : {
        "description" : "",
        "contentType" : "JSON",
        "documentState" : "VALID"
      }
    }
  }, {
    "objectGuid" : "cJfi66qO1CZfY5YQtxmQ6l",
    "objectName" : "DTT_FF_DB_LARGE_CSV",
    "objectType" : "DTT",
    "path" : "/Explore/Enterprise Data Warehouse/EDW_STG",
    "metadata" : {
      "modelVersion" : {
        "major" : 1,
        "minor" : 0
      },
      "repoInfo" : {
        "repoHandle" : "9vNoUFffslLgLXv5GQMuyB"
      },
      "objectRefs" : [ "2HXaCWRs5eBfqkJCKuVZGo", "6dA7XGrBpkDbnxv1vFxNyM", "6iRNHHtAWc9i6oCUO45m6A" ],
      "contextAttributes" : [ ],
      "additionalInfo" : {
        "description" : "",
        "contentType" : "application/json; charset=utf-8",
        "documentState" : "VALID"
      }
    }
  }, {
    "objectGuid" : "3CwTGstPYMZdthDWVSwVQD",
    "objectName" : "m_REST_API_midstream",
    "objectType" : "DTEMPLATE",
    "path" : "/Explore/Enterprise Data Warehouse/EDW_DEMO",
    "metadata" : {
      "modelVersion" : {
        "major" : 0,
        "minor" : 0
      },
      "repoInfo" : {
        "repoHandle" : "012P7X1700000000001P"
      },
      "objectRefs" : [ "2HXaCWRs5eBfqkJCKuVZGo", "hXCyDGq2H8HcGBQohWWxYs", "0pMYMPhDQXRcS1ibqxFveZ" ],
      "contextAttributes" : [ {
        "name" : "id",
        "value" : "@1"
      } ],
      "additionalInfo" : {
        "description" : "",
        "contentType" : "JSON",
        "documentState" : "VALID"
      }
    }
  }, {
    "objectGuid" : "ehCin9B1KyAkSk00YHz56p",
    "objectName" : "MT_Max_date",
    "objectType" : "MTT",
    "path" : "/Explore/Enterprise Data Warehouse/EDW_DEMO",
    "metadata" : {
      "modelVersion" : {
        "major" : 0,
        "minor" : 0
      },
      "repoInfo" : {
        "repoHandle" : "012P7X0Z00000000000P"
      },
      "objectRefs" : [ "2HXaCWRs5eBfqkJCKuVZGo", "hXCyDGq2H8HcGBQohWWxYs", "9YkIZ4bI4YTdNA2Kfm2gGW", "6iRNHHtAWc9i6oCUO45m6A" ],
      "contextAttributes" : [ {
        "name" : "id",
        "value" : "@1"
      } ],
      "additionalInfo" : {
        "description" : null,
        "contentType" : "JSON",
        "documentState" : "VALID"
      }
    }
  }, {
    "objectGuid" : "3YjkCcraikziGRWVLzq8Cq",
    "objectName" : "Data_Trnsfr_Ora_Snflk_Tsk",
    "objectType" : "DTT",
    "path" : "/Explore/Enterprise Data Warehouse/EDW_DEMO",
    "metadata" : {
      "modelVersion" : {
        "major" : 1,
        "minor" : 0
      },
      "repoInfo" : {
        "repoHandle" : "2PmO7pjaDQrhrQO7IUK1gQ"
      },
      "objectRefs" : [ "7wrxaYP39a2fheExgRgtgm", "3agMGD1ell7fUzHZ6PMCaF", "6iRNHHtAWc9i6oCUO45m6A" ],
      "contextAttributes" : [ ],
      "additionalInfo" : {
        "description" : "",
        "contentType" : "application/json; charset=utf-8",
        "documentState" : "VALID"
      }
    }
  }, {
    "objectGuid" : "2g2XuXQ7MP1hPUvBcAFRU8",
    "objectName" : "MT_m_SRC_EDW_STG_Regions",
    "objectType" : "MTT",
    "path" : "/Explore/Enterprise Data Warehouse/EDW_STG",
    "metadata" : {
      "modelVersion" : {
        "major" : 0,
        "minor" : 0
      },
      "repoInfo" : {
        "repoHandle" : "012P7X0Z00000000000E"
      },
      "objectRefs" : [ "2HXaCWRs5eBfqkJCKuVZGo", "akmjcWNsxOIirVdl7b2G2e", "3agMGD1ell7fUzHZ6PMCaF", "6iRNHHtAWc9i6oCUO45m6A" ],
      "contextAttributes" : [ {
        "name" : "id",
        "value" : "@1"
      } ],
      "additionalInfo" : {
        "description" : null,
        "contentType" : "JSON",
        "documentState" : "VALID"
      }
    }
  }, {
    "objectGuid" : "86Qr4zemS2lfPNoQBkvWKn",
    "objectName" : "MT_first_last_record",
    "objectType" : "MTT",
    "path" : "/Explore/Enterprise Data Warehouse/EDW_DEMO",
    "metadata" : {
      "modelVersion" : {
        "major" : 0,
        "minor" : 0
      },
      "repoInfo" : {
        "repoHandle" : "012P7X0Z00000000000O"
      },
      "objectRefs" : [ "2HXaCWRs5eBfqkJCKuVZGo", "hXCyDGq2H8HcGBQohWWxYs", "4A0fF4h8lxNhtDdCLksTy5", "6iRNHHtAWc9i6oCUO45m6A" ],
      "contextAttributes" : [ {
        "name" : "id",
        "value" : "@1"
      } ],
      "additionalInfo" : {
        "description" : null,
        "contentType" : "JSON",
        "documentState" : "VALID"
      }
    }
  }, {
    "objectGuid" : "9IHMHloObKCe04S9HSbGqi",
    "objectName" : "MT_m_EDW_STG_EDW_Employees",
    "objectType" : "MTT",
    "path" : "/Explore/Enterprise Data Warehouse/EDW",
    "metadata" : {
      "modelVersion" : {
        "major" : 0,
        "minor" : 0
      },
      "repoInfo" : {
        "repoHandle" : "012P7X0Z00000000000G"
      },
      "objectRefs" : [ "2HXaCWRs5eBfqkJCKuVZGo", "jE5o3WDtTAiiqtDIkUSxmw", "7wrxaYP39a2fheExgRgtgm", "6iRNHHtAWc9i6oCUO45m6A" ],
      "contextAttributes" : [ {
        "name" : "id",
        "value" : "@1"
      } ],
      "additionalInfo" : {
        "description" : null,
        "contentType" : "JSON",
        "documentState" : "VALID"
      }
    }
  }, {
    "objectGuid" : "bJaqi6Ql3ovbPHkom4oVo8",
    "objectName" : "MT_m_EDW_STG_EDW_Jobs",
    "objectType" : "MTT",
    "path" : "/Explore/Enterprise Data Warehouse/EDW",
    "metadata" : {
      "modelVersion" : {
        "major" : 0,
        "minor" : 0
      },
      "repoInfo" : {
        "repoHandle" : "012P7X0Z000000000003"
      },
      "objectRefs" : [ "2HXaCWRs5eBfqkJCKuVZGo", "7wrxaYP39a2fheExgRgtgm", "h3ZlpdhdGq5kJwfY8D8EMq", "6iRNHHtAWc9i6oCUO45m6A" ],
      "contextAttributes" : [ {
        "name" : "id",
        "value" : "@1"
      } ],
      "additionalInfo" : {
        "description" : null,
        "contentType" : "JSON",
        "documentState" : "VALID"
      }
    }
  }, {
    "objectGuid" : "40HXqLSF5gPgBe6dkwZgS2",
    "objectName" : "MT_m_EDW_STG_EDW_Employees",
    "objectType" : "MTT",
    "path" : "/Explore/Enterprise Data Warehouse/EDW_TEST",
    "metadata" : {
      "modelVersion" : {
        "major" : 0,
        "minor" : 0
      },
      "repoInfo" : {
        "repoHandle" : "012P7X0Z00000000000X"
      },
      "objectRefs" : [ "7Um04dg4C7Qk7fdb9QL7O9", "0J4V365xCNqezTpgJYirSK", "1vtgEnpST20d5HDsDTVIkJ", "6iRNHHtAWc9i6oCUO45m6A" ],
      "contextAttributes" : [ {
        "name" : "id",
        "value" : "@1"
      } ],
      "additionalInfo" : {
        "description" : null,
        "contentType" : "JSON",
        "documentState" : "VALID"
      }
    }
  }, {
    "objectGuid" : "fI6vIfKqxEvi8DyXHybR0V",
    "objectName" : "MT_SF_Customer_HS_using_buffer",
    "objectType" : "MTT",
    "path" : "/Explore/Enterprise Data Warehouse/EDW_DEMO",
    "metadata" : {
      "modelVersion" : {
        "major" : 0,
        "minor" : 0
      },
      "repoInfo" : {
        "repoHandle" : "012P7X0Z00000000000K"
      },
      "objectRefs" : [ "2HXaCWRs5eBfqkJCKuVZGo", "hXCyDGq2H8HcGBQohWWxYs", "bs2kGgXY82CkHLtqHAkCeA", "0apdIpcNXWibJyh7oKqaOj", "6iRNHHtAWc9i6oCUO45m6A" ],
      "contextAttributes" : [ {
        "name" : "id",
        "value" : "@1"
      } ],
      "additionalInfo" : {
        "description" : null,
        "contentType" : "JSON",
        "documentState" : "VALID"
      }
    }
  }, {
    "objectGuid" : "4sdLgh7OqUQkvcK2DZ5iI9",
    "objectName" : "MT_m_SRC_EDW_STG_Jobs",
    "objectType" : "MTT",
    "path" : "/Explore/Enterprise Data Warehouse/EDW_STG",
    "metadata" : {
      "modelVersion" : {
        "major" : 0,
        "minor" : 0
      },
      "repoInfo" : {
        "repoHandle" : "012P7X0Z000000000007"
      },
      "objectRefs" : [ "2HXaCWRs5eBfqkJCKuVZGo", "44mDSOIZP2Tf1Sd6zvVI2y", "3agMGD1ell7fUzHZ6PMCaF", "6iRNHHtAWc9i6oCUO45m6A" ],
      "contextAttributes" : [ {
        "name" : "id",
        "value" : "@1"
      } ],
      "additionalInfo" : {
        "description" : null,
        "contentType" : "JSON",
        "documentState" : "VALID"
      }
    }
  }, {
    "objectGuid" : "7Um04dg4C7Qk7fdb9QL7O9",
    "objectName" : "Snflk_Connector_EDW_conn",
    "objectType" : "Connection",
    "path" : "/SYS",
    "metadata" : {
      "modelVersion" : {
        "major" : 0,
        "minor" : 0
      },
      "repoInfo" : {
        "repoHandle" : "012P7X0B00000000000G"
      },
      "objectRefs" : [ "6iRNHHtAWc9i6oCUO45m6A" ],
      "contextAttributes" : [ {
        "name" : "id",
        "value" : "@1"
      } ],
      "additionalInfo" : {
        "description" : "Snowflake Connection using connector",
        "contentType" : "JSON",
        "documentState" : "COMPLETE"
      }
    }
  }, {
    "objectGuid" : "9YkIZ4bI4YTdNA2Kfm2gGW",
    "objectName" : "m_Max_date",
    "objectType" : "DTEMPLATE",
    "path" : "/Explore/Enterprise Data Warehouse/EDW_DEMO",
    "metadata" : {
      "modelVersion" : {
        "major" : 0,
        "minor" : 0
      },
      "repoInfo" : {
        "repoHandle" : "012P7X17000000000014"
      },
      "objectRefs" : [ "2HXaCWRs5eBfqkJCKuVZGo", "hXCyDGq2H8HcGBQohWWxYs" ],
      "contextAttributes" : [ {
        "name" : "id",
        "value" : "@1"
      } ],
      "additionalInfo" : {
        "description" : "",
        "contentType" : "JSON",
        "documentState" : "VALID"
      }
    }
  }, {
    "objectGuid" : "jiaiFwh33yjkvRNA8yp60K",
    "objectName" : "WF_SRC_EDW_STG_HR_ALL",
    "objectType" : "TASKFLOW",
    "path" : "/Explore/Enterprise Data Warehouse/EDW_STG",
    "metadata" : {
      "modelVersion" : {
        "major" : 1,
        "minor" : 0
      },
      "repoInfo" : {
        "repoHandle" : "m9D3LSLeJljxcgh-gt-1838161-2024-09-22T06:02:41.993Z::tf.xml"
      },
      "objectRefs" : [ "0MAwCeOuPpXiHP9IXAB8yL" ],
      "contextAttributes" : null,
      "additionalInfo" : {
        "description" : "",
        "contentType" : "application/json; charset=utf-8",
        "documentState" : "VALID"
      }
    }
  }, {
    "objectGuid" : "aNY7oLgEMsukOEd9dn6tiw",
    "objectName" : "EDW",
    "objectType" : "Folder",
    "path" : "/Explore/Enterprise Data Warehouse",
    "metadata" : {
      "modelVersion" : {
        "major" : 0,
        "minor" : 0
      },
      "repoInfo" : null,
      "objectRefs" : [ ],
      "contextAttributes" : [ ],
      "additionalInfo" : {
        "description" : "This folder will have the EDW_STG to EDW Jobs.",
        "contentType" : "Binary",
        "documentState" : "COMPLETE"
      }
    }
  }, {
    "objectGuid" : "jE5o3WDtTAiiqtDIkUSxmw",
    "objectName" : "m_EDW_STG_EDW_Employees",
    "objectType" : "DTEMPLATE",
    "path" : "/Explore/Enterprise Data Warehouse/EDW",
    "metadata" : {
      "modelVersion" : {
        "major" : 0,
        "minor" : 0
      },
      "repoInfo" : {
        "repoHandle" : "012P7X1700000000001F"
      },
      "objectRefs" : [ "2HXaCWRs5eBfqkJCKuVZGo", "7wrxaYP39a2fheExgRgtgm" ],
      "contextAttributes" : [ {
        "name" : "id",
        "value" : "@1"
      } ],
      "additionalInfo" : {
        "description" : "",
        "contentType" : "JSON",
        "documentState" : "VALID"
      }
    }
  }, {
    "objectGuid" : "968BMdRJya6kycgdz7e1ov",
    "objectName" : "m_LastRunDate_demo",
    "objectType" : "DTEMPLATE",
    "path" : "/Explore/Enterprise Data Warehouse/EDW_DEMO",
    "metadata" : {
      "modelVersion" : {
        "major" : 0,
        "minor" : 0
      },
      "repoInfo" : {
        "repoHandle" : "012P7X1700000000000Y"
      },
      "objectRefs" : [ "2HXaCWRs5eBfqkJCKuVZGo", "hXCyDGq2H8HcGBQohWWxYs" ],
      "contextAttributes" : [ {
        "name" : "id",
        "value" : "@1"
      } ],
      "additionalInfo" : {
        "description" : "",
        "contentType" : "JSON",
        "documentState" : "VALID"
      }
    }
  }, {
    "objectGuid" : "8k4pUHnR0iYcd9nDxjMIsY",
    "objectName" : "Tsk_First_New_Latest_1",
    "objectType" : "TASKFLOW",
    "path" : "/Explore/Enterprise Data Warehouse/EDW_DEMO",
    "metadata" : {
      "modelVersion" : {
        "major" : 1,
        "minor" : 0
      },
      "repoInfo" : {
        "repoHandle" : "i3zymbduaa-gt-9671833-2024-08-29T07:02:51.369Z::tf.xml"
      },
      "objectRefs" : [ "9AWCTBnDF71fX3PKWAKrkn", "86Qr4zemS2lfPNoQBkvWKn", "7hpFopWPOphfUvklN5gOc4" ],
      "contextAttributes" : null,
      "additionalInfo" : {
        "description" : "",
        "contentType" : "application/json; charset=utf-8",
        "documentState" : "VALID"
      }
    }
  }, {
    "objectGuid" : "0mXkATo34slh6nUaRlCvC1",
    "objectName" : "MT_m_SRC_EDW_STG_Countries",
    "objectType" : "MTT",
    "path" : "/Explore/Enterprise Data Warehouse/EDW_STG",
    "metadata" : {
      "modelVersion" : {
        "major" : 0,
        "minor" : 0
      },
      "repoInfo" : {
        "repoHandle" : "012P7X0Z000000000009"
      },
      "objectRefs" : [ "2HXaCWRs5eBfqkJCKuVZGo", "3agMGD1ell7fUzHZ6PMCaF", "8vpEfl8EzX7gRWlfnhW2St", "6iRNHHtAWc9i6oCUO45m6A" ],
      "contextAttributes" : [ {
        "name" : "id",
        "value" : "@1"
      } ],
      "additionalInfo" : {
        "description" : null,
        "contentType" : "JSON",
        "documentState" : "VALID"
      }
    }
  }, {
    "objectGuid" : "6LK1LPgOrP2d3eLy1Ks1Cr",
    "objectName" : "MT_m_EDW_STG_EDW_Countries",
    "objectType" : "MTT",
    "path" : "/Explore/Enterprise Data Warehouse/EDW",
    "metadata" : {
      "modelVersion" : {
        "major" : 0,
        "minor" : 0
      },
      "repoInfo" : {
        "repoHandle" : "012P7X0Z000000000004"
      },
      "objectRefs" : [ "2HXaCWRs5eBfqkJCKuVZGo", "5aREN4iFYS1fgmLwLbRnex", "7wrxaYP39a2fheExgRgtgm", "6iRNHHtAWc9i6oCUO45m6A" ],
      "contextAttributes" : [ {
        "name" : "id",
        "value" : "@1"
      } ],
      "additionalInfo" : {
        "description" : null,
        "contentType" : "JSON",
        "documentState" : "VALID"
      }
    }
  }, {
    "objectGuid" : "aPbLdYg55m5kzYlJsgAq47",
    "objectName" : "REST_Post_Users_Conn",
    "objectType" : "Connection",
    "path" : "/SYS",
    "metadata" : {
      "modelVersion" : {
        "major" : 0,
        "minor" : 0
      },
      "repoInfo" : {
        "repoHandle" : "012P7X0B00000000000D"
      },
      "objectRefs" : [ "6iRNHHtAWc9i6oCUO45m6A" ],
      "contextAttributes" : [ {
        "name" : "id",
        "value" : "@1"
      } ],
      "additionalInfo" : {
        "description" : null,
        "contentType" : "JSON",
        "documentState" : "COMPLETE"
      }
    }
  }, {
    "objectGuid" : "kQDMiTN2ng5gWp5zGMpYIq",
    "objectName" : "MT_m_SRC_EDW_STG_Departments",
    "objectType" : "MTT",
    "path" : "/Explore/Enterprise Data Warehouse/EDW_STG",
    "metadata" : {
      "modelVersion" : {
        "major" : 0,
        "minor" : 0
      },
      "repoInfo" : {
        "repoHandle" : "012P7X0Z00000000000B"
      },
      "objectRefs" : [ "2HXaCWRs5eBfqkJCKuVZGo", "7YJEUhLZlFVdMMOQsJ6E4F", "3agMGD1ell7fUzHZ6PMCaF", "6iRNHHtAWc9i6oCUO45m6A" ],
      "contextAttributes" : [ {
        "name" : "id",
        "value" : "@1"
      } ],
      "additionalInfo" : {
        "description" : null,
        "contentType" : "JSON",
        "documentState" : "VALID"
      }
    }
  }, {
    "objectGuid" : "a5jJNZx5R0ieClTk1QnHUl",
    "objectName" : "m_Max_date_Oracle",
    "objectType" : "DTEMPLATE",
    "path" : "/Explore/Enterprise Data Warehouse/EDW_DEMO",
    "metadata" : {
      "modelVersion" : {
        "major" : 0,
        "minor" : 0
      },
      "repoInfo" : {
        "repoHandle" : "012P7X17000000000011"
      },
      "objectRefs" : [ "hXCyDGq2H8HcGBQohWWxYs", "3agMGD1ell7fUzHZ6PMCaF" ],
      "contextAttributes" : [ {
        "name" : "id",
        "value" : "@1"
      } ],
      "additionalInfo" : {
        "description" : "",
        "contentType" : "JSON",
        "documentState" : "VALID"
      }
    }
  }, {
    "objectGuid" : "0MAwCeOuPpXiHP9IXAB8yL",
    "objectName" : "MT_m_EDW_STG_HR_ALL",
    "objectType" : "MTT",
    "path" : "/Explore/Enterprise Data Warehouse/EDW_STG",
    "metadata" : {
      "modelVersion" : {
        "major" : 0,
        "minor" : 0
      },
      "repoInfo" : {
        "repoHandle" : "012P7X0Z000000000012"
      },
      "objectRefs" : [ "2HXaCWRs5eBfqkJCKuVZGo", "9WFx9TWR2G6cUDBvtCfe2g", "3agMGD1ell7fUzHZ6PMCaF", "6iRNHHtAWc9i6oCUO45m6A" ],
      "contextAttributes" : [ {
        "name" : "id",
        "value" : "@1"
      } ],
      "additionalInfo" : {
        "description" : null,
        "contentType" : "JSON",
        "documentState" : "VALID"
      }
    }
  }, {
    "objectGuid" : "cpAbJsXYbqUcYsbSket4GT",
    "objectName" : "m_SRC_EDW_STG_Employees",
    "objectType" : "DTEMPLATE",
    "path" : "/Explore/Enterprise Data Warehouse/EDW_STG",
    "metadata" : {
      "modelVersion" : {
        "major" : 0,
        "minor" : 0
      },
      "repoInfo" : {
        "repoHandle" : "012P7X1700000000001I"
      },
      "objectRefs" : [ "2HXaCWRs5eBfqkJCKuVZGo", "3agMGD1ell7fUzHZ6PMCaF" ],
      "contextAttributes" : [ {
        "name" : "id",
        "value" : "@1"
      } ],
      "additionalInfo" : {
        "description" : "",
        "contentType" : "JSON",
        "documentState" : "VALID"
      }
    }
  }, {
    "objectGuid" : "1vtgEnpST20d5HDsDTVIkJ",
    "objectName" : "Snflk_Connector_EDW_STG_conn",
    "objectType" : "Connection",
    "path" : "/SYS",
    "metadata" : {
      "modelVersion" : {
        "major" : 0,
        "minor" : 0
      },
      "repoInfo" : {
        "repoHandle" : "012P7X0B00000000000F"
      },
      "objectRefs" : [ "6iRNHHtAWc9i6oCUO45m6A" ],
      "contextAttributes" : [ {
        "name" : "id",
        "value" : "@1"
      } ],
      "additionalInfo" : {
        "description" : "Snowflake Connection using connector",
        "contentType" : "JSON",
        "documentState" : "COMPLETE"
      }
    }
  }, {
    "objectGuid" : "7v4aq5ftC1YegfnCjNzUi1",
    "objectName" : "m_EDW_STG_EDW_Departments",
    "objectType" : "DTEMPLATE",
    "path" : "/Explore/Enterprise Data Warehouse/EDW",
    "metadata" : {
      "modelVersion" : {
        "major" : 0,
        "minor" : 0
      },
      "repoInfo" : {
        "repoHandle" : "012P7X1700000000001K"
      },
      "objectRefs" : [ "2HXaCWRs5eBfqkJCKuVZGo", "7wrxaYP39a2fheExgRgtgm" ],
      "contextAttributes" : [ {
        "name" : "id",
        "value" : "@1"
      } ],
      "additionalInfo" : {
        "description" : "",
        "contentType" : "JSON",
        "documentState" : "VALID"
      }
    }
  }, {
    "objectGuid" : "4vF9o4zu4Ellks0uVeble2",
    "objectName" : "Tsk_First_New_Latest",
    "objectType" : "TASKFLOW",
    "path" : "/Explore/Enterprise Data Warehouse/EDW_DEMO",
    "metadata" : {
      "modelVersion" : {
        "major" : 1,
        "minor" : 0
      },
      "repoInfo" : {
        "repoHandle" : "reFRqXpIW7WHK80-gt-9671870-2024-08-29T07:02:52.841Z::tf.xml"
      },
      "objectRefs" : [ "9AWCTBnDF71fX3PKWAKrkn", "86Qr4zemS2lfPNoQBkvWKn", "7hpFopWPOphfUvklN5gOc4" ],
      "contextAttributes" : null,
      "additionalInfo" : {
        "description" : "",
        "contentType" : "application/json; charset=utf-8",
        "documentState" : "VALID"
      }
    }
  }, {
    "objectGuid" : "0J4V365xCNqezTpgJYirSK",
    "objectName" : "m_EDW_STG_EDW_Employees",
    "objectType" : "DTEMPLATE",
    "path" : "/Explore/Enterprise Data Warehouse/EDW_TEST",
    "metadata" : {
      "modelVersion" : {
        "major" : 0,
        "minor" : 0
      },
      "repoInfo" : {
        "repoHandle" : "012P7X1700000000001T"
      },
      "objectRefs" : [ "7Um04dg4C7Qk7fdb9QL7O9", "1vtgEnpST20d5HDsDTVIkJ" ],
      "contextAttributes" : [ {
        "name" : "id",
        "value" : "@1"
      } ],
      "additionalInfo" : {
        "description" : "",
        "contentType" : "JSON",
        "documentState" : "VALID"
      }
    }
  }, {
    "objectGuid" : "4A0fF4h8lxNhtDdCLksTy5",
    "objectName" : "m_first_last_record",
    "objectType" : "DTEMPLATE",
    "path" : "/Explore/Enterprise Data Warehouse/EDW_DEMO",
    "metadata" : {
      "modelVersion" : {
        "major" : 0,
        "minor" : 0
      },
      "repoInfo" : {
        "repoHandle" : "012P7X1700000000001M"
      },
      "objectRefs" : [ "2HXaCWRs5eBfqkJCKuVZGo", "hXCyDGq2H8HcGBQohWWxYs" ],
      "contextAttributes" : [ {
        "name" : "id",
        "value" : "@1"
      } ],
      "additionalInfo" : {
        "description" : "",
        "contentType" : "JSON",
        "documentState" : "VALID"
      }
    }
  }, {
    "objectGuid" : "7xrz3jQPPW3ensV1iD2h84",
    "objectName" : "WF_LT_EDW_ALL",
    "objectType" : "WORKFLOW",
    "path" : "/Explore/Enterprise Data Warehouse/EDW",
    "metadata" : {
      "modelVersion" : {
        "major" : 0,
        "minor" : 0
      },
      "repoInfo" : {
        "repoHandle" : "012P7X0N000000000002"
      },
      "objectRefs" : [ "555jHcVel4xfrgqqrx6bIA", "1a7jIKhFUiojWChAAILtMr", "a5lKhV7PM7AhiTnNY6UsGI" ],
      "contextAttributes" : [ {
        "name" : "id",
        "value" : "@1"
      } ],
      "additionalInfo" : {
        "description" : "Linear Taskflow for specific EDW tasks.",
        "contentType" : "JSON",
        "documentState" : "VALID"
      }
    }
  }, {
    "objectGuid" : "bs2kGgXY82CkHLtqHAkCeA",
    "objectName" : "SF_Customer_HS",
    "objectType" : "HSCHEMA",
    "path" : "/Explore/Enterprise Data Warehouse/EDW_DEMO",
    "metadata" : {
      "modelVersion" : {
        "major" : 0,
        "minor" : 0
      },
      "repoInfo" : {
        "repoHandle" : "012P7X36000000000006"
      },
      "objectRefs" : [ ],
      "contextAttributes" : [ {
        "name" : "id",
        "value" : "@1"
      } ],
      "additionalInfo" : {
        "description" : "",
        "contentType" : "JSON",
        "documentState" : "VALID"
      }
    }
  }, {
    "objectGuid" : "chQtzp3LpUjkeYhhLpnQ8e",
    "objectName" : "MT_REST_Get_Users",
    "objectType" : "MTT",
    "path" : "/Explore/Enterprise Data Warehouse/EDW_DEMO",
    "metadata" : {
      "modelVersion" : {
        "major" : 0,
        "minor" : 0
      },
      "repoInfo" : {
        "repoHandle" : "012P7X0Z00000000000H"
      },
      "objectRefs" : [ "hXCyDGq2H8HcGBQohWWxYs", "6fitQtXj9C5j4kGMOOyE8J", "gDOv9Z3RviqcW5nuabZiip", "6iRNHHtAWc9i6oCUO45m6A" ],
      "contextAttributes" : [ {
        "name" : "id",
        "value" : "@1"
      } ],
      "additionalInfo" : {
        "description" : null,
        "contentType" : "JSON",
        "documentState" : "VALID"
      }
    }
  }, {
    "objectGuid" : "iUYKTPTILugcjMsziJd768",
    "objectName" : "EDW_TEST",
    "objectType" : "Folder",
    "path" : "/Explore/Enterprise Data Warehouse",
    "metadata" : {
      "modelVersion" : {
        "major" : 0,
        "minor" : 0
      },
      "repoInfo" : null,
      "objectRefs" : [ ],
      "contextAttributes" : [ ],
      "additionalInfo" : {
        "description" : "Some additional test folder to check for logic, errors etc.",
        "contentType" : "Binary",
        "documentState" : "COMPLETE"
      }
    }
  }, {
    "objectGuid" : "9AWCTBnDF71fX3PKWAKrkn",
    "objectName" : "MT_LastRunDate",
    "objectType" : "MTT",
    "path" : "/Explore/Enterprise Data Warehouse/EDW_DEMO",
    "metadata" : {
      "modelVersion" : {
        "major" : 0,
        "minor" : 0
      },
      "repoInfo" : {
        "repoHandle" : "012P7X0Z00000000000R"
      },
      "objectRefs" : [ "2HXaCWRs5eBfqkJCKuVZGo", "hXCyDGq2H8HcGBQohWWxYs", "968BMdRJya6kycgdz7e1ov", "6iRNHHtAWc9i6oCUO45m6A" ],
      "contextAttributes" : [ {
        "name" : "id",
        "value" : "@1"
      } ],
      "additionalInfo" : {
        "description" : null,
        "contentType" : "JSON",
        "documentState" : "VALID"
      }
    }
  }, {
    "objectGuid" : "b4uVwEWSsA4eJfC7sVMcWv",
    "objectName" : "MT_REST_API_Get_Users_midstream",
    "objectType" : "MTT",
    "path" : "/Explore/Enterprise Data Warehouse/EDW_DEMO",
    "metadata" : {
      "modelVersion" : {
        "major" : 0,
        "minor" : 0
      },
      "repoInfo" : {
        "repoHandle" : "012P7X0Z00000000000U"
      },
      "objectRefs" : [ "2HXaCWRs5eBfqkJCKuVZGo", "hXCyDGq2H8HcGBQohWWxYs", "6fitQtXj9C5j4kGMOOyE8J", "0pMYMPhDQXRcS1ibqxFveZ", "3CwTGstPYMZdthDWVSwVQD", "6iRNHHtAWc9i6oCUO45m6A" ],
      "contextAttributes" : [ {
        "name" : "id",
        "value" : "@1"
      } ],
      "additionalInfo" : {
        "description" : null,
        "contentType" : "JSON",
        "documentState" : "VALID"
      }
    }
  }, {
    "objectGuid" : "j9vUmwWPW8OjjN58DNxdIy",
    "objectName" : "m_Customer_Orders_XML",
    "objectType" : "DTEMPLATE",
    "path" : "/Explore/Enterprise Data Warehouse/EDW_DEMO",
    "metadata" : {
      "modelVersion" : {
        "major" : 0,
        "minor" : 0
      },
      "repoInfo" : {
        "repoHandle" : "012P7X1700000000000Z"
      },
      "objectRefs" : [ "hXCyDGq2H8HcGBQohWWxYs", "6b9eJBIgidLb1TdlZ4IDqr", "6dA7XGrBpkDbnxv1vFxNyM" ],
      "contextAttributes" : [ {
        "name" : "id",
        "value" : "@1"
      } ],
      "additionalInfo" : {
        "description" : "",
        "contentType" : "JSON",
        "documentState" : "VALID"
      }
    }
  }, {
    "objectGuid" : "2EfBrVEULO9jZQGHW2vKyd",
    "objectName" : "m_SRC_EDW_STG_Job_History",
    "objectType" : "DTEMPLATE",
    "path" : "/Explore/Enterprise Data Warehouse/EDW_STG",
    "metadata" : {
      "modelVersion" : {
        "major" : 0,
        "minor" : 0
      },
      "repoInfo" : {
        "repoHandle" : "012P7X1700000000001N"
      },
      "objectRefs" : [ "2HXaCWRs5eBfqkJCKuVZGo", "3agMGD1ell7fUzHZ6PMCaF" ],
      "contextAttributes" : [ {
        "name" : "id",
        "value" : "@1"
      } ],
      "additionalInfo" : {
        "description" : "",
        "contentType" : "JSON",
        "documentState" : "VALID"
      }
    }
  }, {
    "objectGuid" : "8vpEfl8EzX7gRWlfnhW2St",
    "objectName" : "m_SRC_EDW_STG_Countries",
    "objectType" : "DTEMPLATE",
    "path" : "/Explore/Enterprise Data Warehouse/EDW_STG",
    "metadata" : {
      "modelVersion" : {
        "major" : 0,
        "minor" : 0
      },
      "repoInfo" : {
        "repoHandle" : "012P7X17000000000019"
      },
      "objectRefs" : [ "2HXaCWRs5eBfqkJCKuVZGo", "3agMGD1ell7fUzHZ6PMCaF" ],
      "contextAttributes" : [ {
        "name" : "id",
        "value" : "@1"
      } ],
      "additionalInfo" : {
        "description" : "",
        "contentType" : "JSON",
        "documentState" : "VALID"
      }
    }
  }, {
    "objectGuid" : "1WHXt6eclyrknAX8HNASwy",
    "objectName" : "MT_m_Snflk_PDO_demo",
    "objectType" : "MTT",
    "path" : "/Explore/Enterprise Data Warehouse/EDW_TEST",
    "metadata" : {
      "modelVersion" : {
        "major" : 0,
        "minor" : 0
      },
      "repoInfo" : {
        "repoHandle" : "012P7X0Z00000000000Z"
      },
      "objectRefs" : [ "5Gbqi7vTg9PfmWhDboTPmH", "7Um04dg4C7Qk7fdb9QL7O9", "1vtgEnpST20d5HDsDTVIkJ", "6iRNHHtAWc9i6oCUO45m6A" ],
      "contextAttributes" : [ {
        "name" : "id",
        "value" : "@1"
      } ],
      "additionalInfo" : {
        "description" : null,
        "contentType" : "JSON",
        "documentState" : "VALID"
      }
    }
  }, {
    "objectGuid" : "8Z1B5rXlimrgTz4YUQNqGc",
    "objectName" : "MT_REST_API_Post_Users",
    "objectType" : "MTT",
    "path" : "/Explore/Enterprise Data Warehouse/EDW_DEMO",
    "metadata" : {
      "modelVersion" : {
        "major" : 0,
        "minor" : 0
      },
      "repoInfo" : {
        "repoHandle" : "012P7X0Z00000000000I"
      },
      "objectRefs" : [ "2HXaCWRs5eBfqkJCKuVZGo", "aPbLdYg55m5kzYlJsgAq47", "7EqTyANuPqLb7U5rkB53Ap", "6iRNHHtAWc9i6oCUO45m6A" ],
      "contextAttributes" : [ {
        "name" : "id",
        "value" : "@1"
      } ],
      "additionalInfo" : {
        "description" : null,
        "contentType" : "JSON",
        "documentState" : "VALID"
      }
    }
  }, {
    "objectGuid" : "0bWqGyg6xnSi3v6J82pxU3",
    "objectName" : "MT_m_SRC_EDW_STG_Regions",
    "objectType" : "MTT",
    "path" : "/Explore/Enterprise Data Warehouse/EDW_TEST",
    "metadata" : {
      "modelVersion" : {
        "major" : 0,
        "minor" : 0
      },
      "repoInfo" : {
        "repoHandle" : "012P7X0Z00000000000V"
      },
      "objectRefs" : [ "4BPif3hVqckeuK8czhDCC5", "3agMGD1ell7fUzHZ6PMCaF", "1vtgEnpST20d5HDsDTVIkJ", "6iRNHHtAWc9i6oCUO45m6A" ],
      "contextAttributes" : [ {
        "name" : "id",
        "value" : "@1"
      } ],
      "additionalInfo" : {
        "description" : null,
        "contentType" : "JSON",
        "documentState" : "VALID"
      }
    }
  }, {
    "objectGuid" : "5aREN4iFYS1fgmLwLbRnex",
    "objectName" : "m_EDW_STG_EDW_Countries",
    "objectType" : "DTEMPLATE",
    "path" : "/Explore/Enterprise Data Warehouse/EDW",
    "metadata" : {
      "modelVersion" : {
        "major" : 0,
        "minor" : 0
      },
      "repoInfo" : {
        "repoHandle" : "012P7X17000000000018"
      },
      "objectRefs" : [ "2HXaCWRs5eBfqkJCKuVZGo", "7wrxaYP39a2fheExgRgtgm" ],
      "contextAttributes" : [ {
        "name" : "id",
        "value" : "@1"
      } ],
      "additionalInfo" : {
        "description" : "",
        "contentType" : "JSON",
        "documentState" : "VALID"
      }
    }
  }, {
    "objectGuid" : "f9WxuprZIkGlpOQHy4q5wC",
    "objectName" : "m_EDW_STG_EDW_Locations",
    "objectType" : "DTEMPLATE",
    "path" : "/Explore/Enterprise Data Warehouse/EDW",
    "metadata" : {
      "modelVersion" : {
        "major" : 0,
        "minor" : 0
      },
      "repoInfo" : {
        "repoHandle" : "012P7X1700000000001L"
      },
      "objectRefs" : [ "2HXaCWRs5eBfqkJCKuVZGo", "7wrxaYP39a2fheExgRgtgm" ],
      "contextAttributes" : [ {
        "name" : "id",
        "value" : "@1"
      } ],
      "additionalInfo" : {
        "description" : "",
        "contentType" : "JSON",
        "documentState" : "VALID"
      }
    }
  }, {
    "objectGuid" : "0HHwKuBGwMfcSjxLd66A2L",
    "objectName" : "m_param_connection",
    "objectType" : "DTEMPLATE",
    "path" : "/Explore/Enterprise Data Warehouse/EDW_DEMO",
    "metadata" : {
      "modelVersion" : {
        "major" : 0,
        "minor" : 0
      },
      "repoInfo" : {
        "repoHandle" : "012P7X1700000000000X"
      },
      "objectRefs" : [ ],
      "contextAttributes" : [ {
        "name" : "id",
        "value" : "@1"
      } ],
      "additionalInfo" : {
        "description" : "",
        "contentType" : "JSON",
        "documentState" : "VALID"
      }
    }
  }, {
    "objectGuid" : "k3hXGiNGmKxdiLNCvVJEm5",
    "objectName" : "m_EDW_EXTR_Employees_Details",
    "objectType" : "DTEMPLATE",
    "path" : "/Explore/Enterprise Data Warehouse/EDW_EXTR",
    "metadata" : {
      "modelVersion" : {
        "major" : 0,
        "minor" : 0
      },
      "repoInfo" : {
        "repoHandle" : "012P7X17000000000016"
      },
      "objectRefs" : [ "hXCyDGq2H8HcGBQohWWxYs", "9HcDDRLQt8Ejt6UFDNlNUy" ],
      "contextAttributes" : [ {
        "name" : "id",
        "value" : "@1"
      } ],
      "additionalInfo" : {
        "description" : "",
        "contentType" : "JSON",
        "documentState" : "VALID"
      }
    }
  }, {
    "objectGuid" : "3YkvJGGEiX1lE3fx86cfsh",
    "objectName" : "AWS_S3_DW_Conn",
    "objectType" : "Connection",
    "path" : "/SYS",
    "metadata" : {
      "modelVersion" : {
        "major" : 0,
        "minor" : 0
      },
      "repoInfo" : {
        "repoHandle" : "012P7X0B00000000000H"
      },
      "objectRefs" : [ "6iRNHHtAWc9i6oCUO45m6A" ],
      "contextAttributes" : [ {
        "name" : "id",
        "value" : "@1"
      } ],
      "additionalInfo" : {
        "description" : "AWS S3 Connection using connector",
        "contentType" : "JSON",
        "documentState" : "COMPLETE"
      }
    }
  }, {
    "objectGuid" : "1wDnDWk2G5sd5LdNye3gQW",
    "objectName" : "MT_Max_date_oracle",
    "objectType" : "MTT",
    "path" : "/Explore/Enterprise Data Warehouse/EDW_DEMO",
    "metadata" : {
      "modelVersion" : {
        "major" : 0,
        "minor" : 0
      },
      "repoInfo" : {
        "repoHandle" : "012P7X0Z00000000000M"
      },
      "objectRefs" : [ "hXCyDGq2H8HcGBQohWWxYs", "a5jJNZx5R0ieClTk1QnHUl", "3agMGD1ell7fUzHZ6PMCaF", "6iRNHHtAWc9i6oCUO45m6A" ],
      "contextAttributes" : [ {
        "name" : "id",
        "value" : "@1"
      } ],
      "additionalInfo" : {
        "description" : null,
        "contentType" : "JSON",
        "documentState" : "VALID"
      }
    }
  }, {
    "objectGuid" : "7wrxaYP39a2fheExgRgtgm",
    "objectName" : "Tgt_SNFLK_Conn",
    "objectType" : "Connection",
    "path" : "/SYS",
    "metadata" : {
      "modelVersion" : {
        "major" : 0,
        "minor" : 0
      },
      "repoInfo" : {
        "repoHandle" : "012P7X0B000000000009"
      },
      "objectRefs" : [ "6iRNHHtAWc9i6oCUO45m6A" ],
      "contextAttributes" : [ {
        "name" : "id",
        "value" : "@1"
      } ],
      "additionalInfo" : {
        "description" : "Target Snowflake Connection",
        "contentType" : "JSON",
        "documentState" : "COMPLETE"
      }
    }
  }, {
    "objectGuid" : "555jHcVel4xfrgqqrx6bIA",
    "objectName" : "ST_Ora_Snflk_Employees_Details",
    "objectType" : "DSS",
    "path" : "/Explore/Enterprise Data Warehouse/EDW_STG",
    "metadata" : {
      "modelVersion" : {
        "major" : 0,
        "minor" : 0
      },
      "repoInfo" : {
        "repoHandle" : "012P7X0I000000000002"
      },
      "objectRefs" : [ "7wrxaYP39a2fheExgRgtgm", "3agMGD1ell7fUzHZ6PMCaF" ],
      "contextAttributes" : [ {
        "name" : "id",
        "value" : "@1"
      } ],
      "additionalInfo" : {
        "description" : "",
        "contentType" : "JSON",
        "documentState" : "VALID"
      }
    }
  }, {
    "objectGuid" : "69cGgttnDiHbBgQcbl9scD",
    "objectName" : "MT_m_SRC_EDW_STG_Employees",
    "objectType" : "MTT",
    "path" : "/Explore/Enterprise Data Warehouse/EDW_TEST",
    "metadata" : {
      "modelVersion" : {
        "major" : 0,
        "minor" : 0
      },
      "repoInfo" : {
        "repoHandle" : "012P7X0Z00000000000W"
      },
      "objectRefs" : [ "7Ob0R5Kv3lFfMnC1dIg8US", "3agMGD1ell7fUzHZ6PMCaF", "1vtgEnpST20d5HDsDTVIkJ", "6iRNHHtAWc9i6oCUO45m6A" ],
      "contextAttributes" : [ {
        "name" : "id",
        "value" : "@1"
      } ],
      "additionalInfo" : {
        "description" : null,
        "contentType" : "JSON",
        "documentState" : "VALID"
      }
    }
  }, {
    "objectGuid" : "0Y9eu3GbTEagMyReFOa6sE",
    "objectName" : "MT_param_connection",
    "objectType" : "MTT",
    "path" : "/Explore/Enterprise Data Warehouse/EDW_DEMO",
    "metadata" : {
      "modelVersion" : {
        "major" : 0,
        "minor" : 0
      },
      "repoInfo" : {
        "repoHandle" : "012P7X0Z000000000002"
      },
      "objectRefs" : [ "2HXaCWRs5eBfqkJCKuVZGo", "hXCyDGq2H8HcGBQohWWxYs", "0HHwKuBGwMfcSjxLd66A2L", "6iRNHHtAWc9i6oCUO45m6A" ],
      "contextAttributes" : [ {
        "name" : "id",
        "value" : "@1"
      } ],
      "additionalInfo" : {
        "description" : null,
        "contentType" : "JSON",
        "documentState" : "VALID"
      }
    }
  }, {
    "objectGuid" : "50UD7J0NZmFbEfpssyGQug",
    "objectName" : "m_EDW_STG_EDW_Job_History",
    "objectType" : "DTEMPLATE",
    "path" : "/Explore/Enterprise Data Warehouse/EDW",
    "metadata" : {
      "modelVersion" : {
        "major" : 0,
        "minor" : 0
      },
      "repoInfo" : {
        "repoHandle" : "012P7X17000000000010"
      },
      "objectRefs" : [ "2HXaCWRs5eBfqkJCKuVZGo", "7wrxaYP39a2fheExgRgtgm" ],
      "contextAttributes" : [ {
        "name" : "id",
        "value" : "@1"
      } ],
      "additionalInfo" : {
        "description" : "",
        "contentType" : "JSON",
        "documentState" : "VALID"
      }
    }
  } ]
}