<aetgt:getResponse xmlns:aetgt="http://schemas.active-endpoints.com/appmodules/repository/2010/10/avrepository.xsd"
                   xmlns:types1="http://schemas.active-endpoints.com/appmodules/repository/2010/10/avrepository.xsd">
   <types1:Item>
      <types1:EntryId>i3zymbduaa-gt-9671833-2024-08-29T07:02:51.369Z::tf.xml</types1:EntryId>
      <types1:Name>Tsk_First_New_Latest_1</types1:Name>
      <types1:MimeType>application/xml+taskflow</types1:MimeType>
      <types1:Description/>
      <types1:AppliesTo/>
      <types1:Tags/>
      <types1:VersionLabel>1.0</types1:VersionLabel>
      <types1:State>CURRENT</types1:State>
      <types1:ProcessGroup/>
      <types1:CreatedBy>dheeraj.collabera@gmail.com</types1:CreatedBy>
      <types1:CreationDate>2024-08-29T07:02:51Z</types1:CreationDate>
      <types1:ModifiedBy/>
      <types1:PublicationStatus>unpublished</types1:PublicationStatus>
      <types1:Entry>
         <taskflow xmlns="http://schemas.active-endpoints.com/appmodules/screenflow/2010/10/avosScreenflow.xsd"
                   xmlns:tfm="http://schemas.active-endpoints.com/appmodules/screenflow/2021/04/taskflowModel.xsd"
                   xmlns:list="urn:activevos:spi:list:functions"
                   displayName="Tsk_First_New_Latest_1"
                   name="Tsk_First_New_Latest_1"
                   overrideAPIName="false">
            <parameterSet xmlns="http://schemas.active-endpoints.com/appmodules/screenflow/2021/04/taskflowModel.xsd"/>
            <appliesTo/>
            <description/>
            <tags/>
            <generator>Informatica Process Designer 11</generator>
            <tempFields>
               <field description="" name="Data Task 1" type="reference">
                  <options>
                     <option name="failOnNotRun">true</option>
                     <option name="failOnFault">true</option>
                     <option name="referenceTo">$po:mct-first-latest-7hpFopWPOphfUvklN5gOc4</option>
                  </options>
               </field>
               <field description="" name="Data Task 2" type="reference">
                  <options>
                     <option name="failOnNotRun">true</option>
                     <option name="failOnFault">true</option>
                     <option name="referenceTo">$po:MT-LastRunDate-9AWCTBnDF71fX3PKWAKrkn</option>
                  </options>
               </field>
               <field description="" name="Data Task 3" type="reference">
                  <options>
                     <option name="failOnNotRun">true</option>
                     <option name="failOnFault">true</option>
                     <option name="referenceTo">$po:MT-first-last-record-86Qr4zemS2lfPNoQBkvWKn</option>
                  </options>
               </field>
            </tempFields>
            <notes/>
            <deployment skipIfRunning="true" suspendOnFault="true" tracingLevel="verbose">
               <rest>
                  <allowedUsers>
                     <user>dheeraj.papola@collaberadigital.com</user>
                  </allowedUsers>
               </rest>
            </deployment>
            <extData>
               <nvpair name="treatEmptyStringAsNotNull">false</nvpair>
               <nvpair name="treatEmptyObjectListAsArray">false</nvpair>
            </extData>
            <flow id="a">
               <start id="b">
                  <link id="lzpbck7o" targetId="lzpbck8n"/>
               </start>
               <eventContainer id="lzpbck8n">
                  <service id="lzpbck7n">
                     <title>Data Task 1</title>
                     <serviceName>ICSExecuteDataTask</serviceName>
                     <serviceGUID/>
                     <serviceInput>
                        <parameter name="Wait for Task to Complete" source="constant" updatable="true">true</parameter>
                        <parameter name="Max Wait" source="constant" updatable="true">604800</parameter>
                        <parameter name="Task Name" source="constant" updatable="true">mct_first_latest</parameter>
                        <parameter name="GUID" source="constant" updatable="true">7hpFopWPOphfUvklN5gOc4</parameter>
                        <parameter name="Task Type" source="constant" updatable="true">MCT</parameter>
                        <parameter name="Has Inout Parameters" source="constant" updatable="true">false</parameter>
                        <parameter name="taskField" source="nested">
                           <operation source="field" to="mct-first-latest-7hpFopWPOphfUvklN5gOc4">temp.Data Task 1</operation>
                        </parameter>
                     </serviceInput>
                     <serviceOutput>
                        <operation source="field" to="temp.Data Task 1/output/Object_Name">Object Name</operation>
                        <operation source="field" to="temp.Data Task 1/output/Run_Id">Run Id</operation>
                        <operation source="field" to="temp.Data Task 1/output/Log_Id">Log Id</operation>
                        <operation source="field" to="temp.Data Task 1/output/Task_Id">Task Id</operation>
                        <operation source="field" to="temp.Data Task 1/output/Task_Status">Task Status</operation>
                        <operation source="field" to="temp.Data Task 1/output/Success_Source_Rows">Success Source Rows</operation>
                        <operation source="field" to="temp.Data Task 1/output/Failed_Source_Rows">Failed Source Rows</operation>
                        <operation source="field" to="temp.Data Task 1/output/Success_Target_Rows">Success Target Rows</operation>
                        <operation source="field" to="temp.Data Task 1/output/Failed_Target_Rows">Failed Target Rows</operation>
                        <operation source="field" to="temp.Data Task 1/output/Start_Time">Start Time</operation>
                        <operation source="field" to="temp.Data Task 1/output/End_Time">End Time</operation>
                        <operation source="field" to="temp.Data Task 1/output/Error_Message">Error Message</operation>
                        <operation source="field" to="temp.Data Task 1/output/TotalTransErrors">Total Transformation Errors</operation>
                        <operation source="field" to="temp.Data Task 1/output/FirstErrorCode">First Error Code</operation>
                     </serviceOutput>
                  </service>
                  <link id="lzpbck7u" targetId="lzpbck9q"/>
                  <events>
                     <catch faultField="temp.Data Task 1/fault"
                            id="lzpbck8l"
                            interrupting="true"
                            name="error">
                        <suspend/>
                     </catch>
                     <catch faultField="temp.Data Task 1/fault"
                            id="lzpbck8m"
                            interrupting="true"
                            name="warning"/>
                  </events>
               </eventContainer>
               <eventContainer id="lzpbck9q">
                  <service id="lzpbck7t">
                     <title>Data Task 2</title>
                     <serviceName>ICSExecuteDataTask</serviceName>
                     <serviceGUID/>
                     <serviceInput>
                        <parameter name="Wait for Task to Complete" source="constant" updatable="true">true</parameter>
                        <parameter name="Max Wait" source="constant" updatable="true">604800</parameter>
                        <parameter name="Task Name" source="constant" updatable="true">MT_LastRunDate</parameter>
                        <parameter name="GUID" source="constant" updatable="true">9AWCTBnDF71fX3PKWAKrkn</parameter>
                        <parameter name="Task Type" source="constant" updatable="true">MCT</parameter>
                        <parameter name="Has Inout Parameters" source="constant" updatable="true">false</parameter>
                        <parameter name="taskField" source="nested">
                           <operation source="field" to="MT-LastRunDate-9AWCTBnDF71fX3PKWAKrkn">temp.Data Task 2</operation>
                        </parameter>
                     </serviceInput>
                     <serviceOutput>
                        <operation source="field" to="temp.Data Task 2/output/Object_Name">Object Name</operation>
                        <operation source="field" to="temp.Data Task 2/output/Run_Id">Run Id</operation>
                        <operation source="field" to="temp.Data Task 2/output/Log_Id">Log Id</operation>
                        <operation source="field" to="temp.Data Task 2/output/Task_Id">Task Id</operation>
                        <operation source="field" to="temp.Data Task 2/output/Task_Status">Task Status</operation>
                        <operation source="field" to="temp.Data Task 2/output/Success_Source_Rows">Success Source Rows</operation>
                        <operation source="field" to="temp.Data Task 2/output/Failed_Source_Rows">Failed Source Rows</operation>
                        <operation source="field" to="temp.Data Task 2/output/Success_Target_Rows">Success Target Rows</operation>
                        <operation source="field" to="temp.Data Task 2/output/Failed_Target_Rows">Failed Target Rows</operation>
                        <operation source="field" to="temp.Data Task 2/output/Start_Time">Start Time</operation>
                        <operation source="field" to="temp.Data Task 2/output/End_Time">End Time</operation>
                        <operation source="field" to="temp.Data Task 2/output/Error_Message">Error Message</operation>
                        <operation source="field" to="temp.Data Task 2/output/TotalTransErrors">Total Transformation Errors</operation>
                        <operation source="field" to="temp.Data Task 2/output/FirstErrorCode">First Error Code</operation>
                     </serviceOutput>
                  </service>
                  <link id="lzpbck80" targetId="lzpbckat"/>
                  <events>
                     <catch faultField="temp.Data Task 2/fault"
                            id="lzpbck9o"
                            interrupting="true"
                            name="error">
                        <suspend/>
                     </catch>
                     <catch faultField="temp.Data Task 2/fault"
                            id="lzpbck9p"
                            interrupting="true"
                            name="warning"/>
                  </events>
               </eventContainer>
               <eventContainer id="lzpbckat">
                  <service id="lzpbck7z">
                     <title>Data Task 3</title>
                     <serviceName>ICSExecuteDataTask</serviceName>
                     <serviceGUID/>
                     <serviceInput>
                        <parameter name="Wait for Task to Complete" source="constant" updatable="true">true</parameter>
                        <parameter name="Max Wait" source="constant" updatable="true">604800</parameter>
                        <parameter name="Task Name" source="constant" updatable="true">MT_first_last_record</parameter>
                        <parameter name="GUID" source="constant" updatable="true">86Qr4zemS2lfPNoQBkvWKn</parameter>
                        <parameter name="Task Type" source="constant" updatable="true">MCT</parameter>
                        <parameter name="Has Inout Parameters" source="constant" updatable="true">false</parameter>
                        <parameter name="taskField" source="nested">
                           <operation source="field" to="MT-first-last-record-86Qr4zemS2lfPNoQBkvWKn">temp.Data Task 3</operation>
                        </parameter>
                     </serviceInput>
                     <serviceOutput>
                        <operation source="field" to="temp.Data Task 3/output/Object_Name">Object Name</operation>
                        <operation source="field" to="temp.Data Task 3/output/Run_Id">Run Id</operation>
                        <operation source="field" to="temp.Data Task 3/output/Log_Id">Log Id</operation>
                        <operation source="field" to="temp.Data Task 3/output/Task_Id">Task Id</operation>
                        <operation source="field" to="temp.Data Task 3/output/Task_Status">Task Status</operation>
                        <operation source="field" to="temp.Data Task 3/output/Success_Source_Rows">Success Source Rows</operation>
                        <operation source="field" to="temp.Data Task 3/output/Failed_Source_Rows">Failed Source Rows</operation>
                        <operation source="field" to="temp.Data Task 3/output/Success_Target_Rows">Success Target Rows</operation>
                        <operation source="field" to="temp.Data Task 3/output/Failed_Target_Rows">Failed Target Rows</operation>
                        <operation source="field" to="temp.Data Task 3/output/Start_Time">Start Time</operation>
                        <operation source="field" to="temp.Data Task 3/output/End_Time">End Time</operation>
                        <operation source="field" to="temp.Data Task 3/output/Error_Message">Error Message</operation>
                        <operation source="field" to="temp.Data Task 3/output/TotalTransErrors">Total Transformation Errors</operation>
                        <operation source="field" to="temp.Data Task 3/output/FirstErrorCode">First Error Code</operation>
                     </serviceOutput>
                  </service>
                  <link id="lzpbck81" targetId="c"/>
                  <events>
                     <catch faultField="temp.Data Task 3/fault"
                            id="lzpbckar"
                            interrupting="true"
                            name="error">
                        <suspend/>
                     </catch>
                     <catch faultField="temp.Data Task 3/fault"
                            id="lzpbckas"
                            interrupting="true"
                            name="warning"/>
                  </events>
               </eventContainer>
               <end id="c"/>
            </flow>
            <dependencies>
               <processObject xmlns="http://schemas.active-endpoints.com/appmodules/screenflow/2011/06/avosHostEnvironment.xsd"
                              displayName="mct-first-latest-7hpFopWPOphfUvklN5gOc4"
                              isByCopy="true"
                              name="mct-first-latest-7hpFopWPOphfUvklN5gOc4">
                  <description/>
                  <tags/>
                  <detail>
                     <field label="TaskProperties Parameters"
                            name="taskProperties"
                            nullable="true"
                            required="false"
                            type="reference"/>
                     <field label="Output Parameters"
                            name="output"
                            nullable="true"
                            required="false"
                            type="reference"/>
                     <field label="Fault"
                            name="fault"
                            nullable="true"
                            required="false"
                            type="reference"/>
                     <field label="Max Wait (Seconds)"
                            name="Max_Wait"
                            nullable="true"
                            required="false"
                            type="int"/>
                  </detail>
               </processObject>
               <processObject xmlns="http://schemas.active-endpoints.com/appmodules/screenflow/2011/06/avosHostEnvironment.xsd"
                              displayName="MT-LastRunDate-9AWCTBnDF71fX3PKWAKrkn"
                              isByCopy="true"
                              name="MT-LastRunDate-9AWCTBnDF71fX3PKWAKrkn">
                  <description/>
                  <tags/>
                  <detail>
                     <field label="TaskProperties Parameters"
                            name="taskProperties"
                            nullable="true"
                            required="false"
                            type="reference"/>
                     <field label="Output Parameters"
                            name="output"
                            nullable="true"
                            required="false"
                            type="reference"/>
                     <field label="Fault"
                            name="fault"
                            nullable="true"
                            required="false"
                            type="reference"/>
                     <field label="Max Wait (Seconds)"
                            name="Max_Wait"
                            nullable="true"
                            required="false"
                            type="int"/>
                  </detail>
               </processObject>
               <processObject xmlns="http://schemas.active-endpoints.com/appmodules/screenflow/2011/06/avosHostEnvironment.xsd"
                              displayName="MT-first-last-record-86Qr4zemS2lfPNoQBkvWKn"
                              isByCopy="true"
                              name="MT-first-last-record-86Qr4zemS2lfPNoQBkvWKn">
                  <description/>
                  <tags/>
                  <detail>
                     <field label="TaskProperties Parameters"
                            name="taskProperties"
                            nullable="true"
                            required="false"
                            type="reference"/>
                     <field label="Output Parameters"
                            name="output"
                            nullable="true"
                            required="false"
                            type="reference"/>
                     <field label="Fault"
                            name="fault"
                            nullable="true"
                            required="false"
                            type="reference"/>
                     <field label="Max Wait (Seconds)"
                            name="Max_Wait"
                            nullable="true"
                            required="false"
                            type="int"/>
                  </detail>
               </processObject>
            </dependencies>
         </taskflow>
      </types1:Entry>
      <types1:GUID>8k4pUHnR0iYcd9nDxjMIsY</types1:GUID>
      <types1:DisplayName>Tsk_First_New_Latest_1</types1:DisplayName>
   </types1:Item>
   <types1:CurrentServerDateTime>2024-10-12T11:48:14.09Z</types1:CurrentServerDateTime>
</aetgt:getResponse>
