objectPath,objectName,objectType,id
/Explore/EDW/EDW_DEMO,HS_Orders_data_JSON,HSCHEMA,7kQPU0RAYGreCHZrjq00QE
/Explore/EDW/EDW_STG,ST_Ora_Snflk_Employees_Details,DSS,3WvERoIfGwrdBWI7JjlF2y
/SYS,Tgt_SNFLK_Conn,Connection,5w895ClsebYhuzlCATOjM5
/Explore/EDW/EDW,MT_m_EDW_STG_EDW_Jobs,MTT,5qvtDnvZ6W9dO90e1yHHUi
/Explore/EDW,EDW_EXTR,Folder,dKNaCr0fP8re26iR2VaBYX
/Explore/EDW/EDW_STG,MT_m_SRC_EDW_STG_Countries,MTT,9AFVNMxp88IbDEEZ4lXLYC
/Explore/EDW/EDW_DEMO,Tsk_First_New_Latest_1,TASKFLOW,3MNuSeQvCcki5CARRyR4C5
/Explore/EDW,EDW_DEMO,Folder,a1BC8YmNsmQkI1LoZgivA2
/Explore/EDW/EDW_EXTR,MT_m_EDW_EXTR_Employees_Details,MTT,7lWhlDF2Pccl0M2oR73jSd
/Explore/EDW/EDW,MT_m_EDW_STG_EDW_Countries,MTT,cCz7wO9hMMNlulGQvp0kyL
/Explore/EDW/EDW,MT_m_EDW_STG_EDW_Regions,MTT,2OYNpseSzPCdvGjGIhIbuC
/Explore/EDW/EDW_DEMO,MT_REST_API_Get_Users_midstream,MTT,2olwHc7bFAvjAs72R0dzQp
/Explore/EDW/EDW_DEMO,CustomersOrders_HS,HSCHEMA,geOzVZrHCCPbPOy9heN0yq
/Explore/EDW/EDW,MT_m_EDW_STG_EDW_Job_History,MTT,7qnXLz3IeyZchEazKIS544
/Explore/EDW/EDW_STG,MT_m_SRC_EDW_STG_Departments,MTT,lytm08smX8ufSfyeGwm3Ae
/Explore/EDW/EDW_STG,MT_m_SRC_EDW_STG_Employees,MTT,0ZxWu4DNf80i3t8ocQhDK2
/Explore/EDW/EDW_STG,MTT_m_FF_Partitoning_demo,MTT,dUpLLLUszCugqd6WuOygOs
/Explore/EDW/EDW,MT_m_EDW_STG_EDW_Employees,MTT,kN5jsHhnBWXeveGlKfHzAQ
/Explore/EDW/EDW_DEMO,m_first_latest,DTEMPLATE,3TlMl21bBXrivuxgECgDoP
/Explore/EDW/EDW,m_EDW_STG_EDW_Jobs,DTEMPLATE,3nJwSKFTuL3ch24eT4O2M6
/Explore/EDW/EDW,MT_m_EDW_STG_EDW_Departments,MTT,9KVRqYoz5yjeAoQEeQUBq2
/Explore/EDW/EDW_DEMO,Tsk_First_New_Latest,TASKFLOW,0b2c0cCi3gWhL5sgjE0ggj
/SYS,Tgt_SNFLK_EXTR_Conn,Connection,4vPjQ9w9c4SbDK34cUrpEp
/SYS,Src_FF_Conn,Connection,7zdh1U357RckJaGxnXVwmN
/Explore/EDW/EDW_DEMO,m_REST_API_midstream,DTEMPLATE,80RHVOG9YJufrbXC4cHs0X
/Explore/EDW/EDW_DEMO,SF_Customer_HS,HSCHEMA,4nrlwv4ZCvGfXJ3MAA9R4Q
/Explore/EDW/EDW_DEMO,mct_first_latest,MTT,ahLJjifvHYncTM1h79vMKk
/Explore/EDW/EDW,MT_m_EDW_STG_EDW_Locations,MTT,1zLOXXF8go3i5AecONpv4K
/SYS,Tgt_FF_Conn,Connection,5vmXwevziYtjd2vYqgjEod
/Explore/EDW/EDW_DEMO,MT_Max_date_oracle,MTT,blzA0forLQscy1ltofBpWp
/Explore/EDW/EDW_STG,m_FF_Partitoning_demo,DTEMPLATE,5f2jWlY7f7hgsg4VJC4fGk
/Explore/EDW/EDW_STG,m_SRC_EDW_STG_Job_History,DTEMPLATE,5yHJLt4OBG1j7IcBymOjwU
/Explore/EDW/EDW_DEMO,MT_Max_date,MTT,4Dyn6799nmsdTJny3a7KCR
/Explore/EDW/EDW_DEMO,MT_LastRunDate,MTT,6D4nZ0roRQVdMVeI96Ndsq
/Explore/EDW/EDW_STG,m_SRC_EDW_STG_Departments,DTEMPLATE,6oXEPtWZQEngaqPlcth1Aa
/Explore/EDW/EDW_STG,m_SRC_EDW_STG_Employees,DTEMPLATE,3W3cGSHNE8RhwTiFaY30kW
/Explore/EDW/EDW,m_EDW_STG_EDW_Departments,DTEMPLATE,8ulr2h5TvM3bG9ULlg0MoV
/Explore/EDW/EDW,WF_ENTERPRISE_DATA_WARESHOUSE_ALL,TASKFLOW,9egZTzSHx7xfc1twVg6DOM
/Explore/EDW/EDW_DEMO,MT_Customer_Orders_XML,MTT,0OBX3djkSVfkwgjU2IHG0g
/SYS,REST_Post_Users_Conn,Connection,2LyGcEc9SFqeanygraCf2F
/Explore/EDW/EDW_DEMO,m_Customer_Orders_XML,DTEMPLATE,iODwtpLBvwRiKQSYhKnFMD
/Explore/EDW/EDW_STG,WF_SRC_EDW_STG_ALL,TASKFLOW,laGkHMF0w2Yh1OesA2W8K7
/Explore/EDW/EDW_DEMO,m_REST_Get_Users,DTEMPLATE,2P8rqpZCkYLk7W6Nr5iIum
/SYS,DHEERAJSINGH-PC,AgentGroup,1nWVDAa9vS2gROG3ZpfdUx
/Explore/EDW/EDW_STG,MT_m_SRC_EDW_STG_Jobs,MTT,kz8d6TErvoDjhWfkOHoCYF
/Explore,EDW,Project,0l4gfTAPnYLez3aZAMRYuD
/Explore/EDW/EDW,WF_EDW_STG_EDW_ALL,TASKFLOW,kFKAnxtydKFdx7IPw8vwMQ
/Explore/EDW/EDW_STG,m_SRC_EDW_STG_Jobs,DTEMPLATE,6ZNRY77tiaGdO1s2PnJti7
/Explore/EDW/EDW_STG,REP_TSK_ORA_SRC_TO_FF,DRS,0VSXR7goDmHceY3iJ4L0o1
/Explore/EDW/EDW,m_EDW_STG_EDW_Job_History,DTEMPLATE,227P6wfYxbqdyYTpTG14AA
/Explore/EDW/EDW_DEMO,m_LastRunDate_demo,DTEMPLATE,2dvFibEkmWpfEpCUtajYIM
/Explore/EDW/EDW_DEMO,m_Max_date_Oracle,DTEMPLATE,iK8ND19THUJjKLyajpuCUU
/Explore/EDW/EDW_DEMO,m_Max_date,DTEMPLATE,6f3ljeoNYIncFxzH2Bk3ek
/Explore/EDW/EDW,m_EDW_STG_EDW_Regions,DTEMPLATE,4HXzTEnWxsVfUozZ4dvjgr
/Explore/EDW/EDW_DEMO,MT_Order_Data_JSON,MTT,gjHFIslpvkZg72lErKKaGg
/SYS,REST_Get_Users_Conn,Connection,jXvsNXyxQWGg3lhDIYPuik
/Explore/EDW/EDW_DEMO,Get_User_Business_Service,BSERVICE,fO1J0aJhKswiOx9iuCK0yl
/SYS,Src_Oracle_Conn,Connection,jNOSY1SsqqOcikTd6zrXs0
/Explore/EDW/EDW_STG,MT_m_SRC_EDW_STG_Regions,MTT,gQM9yYyYyqZcMuEvZsMiw6
/Explore/EDW/EDW_EXTR,m_EDW_EXTR_Employees_Details,DTEMPLATE,ckhD3LHLkKWktE9KR41KI1
/Explore/EDW/EDW_DEMO,MT_REST_API_Post_Users,MTT,4yWvSIrJ9Muk93eXM44TKq
/Explore/EDW/EDW_STG,DTT_FF_DB_LARGE_CSV,DTT,0loBdnSJtSpf2k0RLd8ved
/Explore/EDW/EDW_STG,m_SRC_EDW_STG_Countries,DTEMPLATE,eyPPopavscyiihHj4naG0e
/Explore/EDW/EDW_DEMO,m_Order_Data_JSON,DTEMPLATE,6V4OfOa8ccyfqxEHcYIHaL
/Explore/EDW,EDW,Folder,5rCFQcg4VEQb4r7BuBYKwK
/Explore/EDW/EDW_DEMO,MT_REST_Get_Users,MTT,2si657RlOzHcnh4HnMISKE
/Explore/EDW/EDW_DEMO,MT_SF_Customer_HS_using_buffer,MTT,audIuIOXM52eKSko6Tqgif
/Explore/EDW/EDW,m_EDW_STG_EDW_Countries,DTEMPLATE,b1EmCyracMFh0PTnYOf1cC
/Explore/EDW/EDW_DEMO,m_REST_API_Post_Users,DTEMPLATE,3loaaxsQLtYeWNYRM8P385
/SYS,Src_SNFLK_Conn,Connection,3xtfqbfP3c5bsXlVjsrA25
/Explore/EDW/EDW_DEMO,m_PIVOT_AND_DENORM_DEMO,DTEMPLATE,8q15ru30iOrcWutncaXNI8
/Explore/EDW/EDW,m_EDW_STG_EDW_Employees,DTEMPLATE,5QpgQYpRAqwhBvwxNhNFQ3
/Explore/EDW/EDW_DEMO,m_param_connection,DTEMPLATE,6rB9QtjuyXTldYAYBrZeKE
/Explore/EDW/EDW_DEMO,m_SF_Customer_HS_using_buffer,DTEMPLATE,fwAAuHBSk4Ie0UCuw6zR0J
/Explore/EDW/EDW_DEMO,MT_param_connection,MTT,7XL2a9l5gg5itQrEiwc3ca
/Explore/EDW/EDW,m_EDW_STG_EDW_Locations,DTEMPLATE,8lCLvCvLuTOf0GJHgGfYW3
/Explore/EDW/EDW_DEMO,MT_first_last_record,MTT,4RKsiGHhiVAeQMtvAibQmu
/Explore/EDW/EDW_DEMO,MT_PIVOT_AND_DENORM_DEMO,MTT,8K9rdWvBPGEjIUMSJHQsSP
/Explore/EDW/EDW_DEMO,Data_Trnsfr_Ora_Snflk_Tsk,DTT,cy24B5abRqldICMUxLzqMN
/Explore/EDW/EDW_STG,MT_m_SRC_EDW_STG_Locations,MTT,9IDcH3rUqBEf8BVjpq9yio
/Explore/EDW/EDW_STG,MT_m_SRC_EDW_STG_Job_History,MTT,6gjGwbKDsHWlVrGYKsoFYu
/Explore/EDW,EDW_STG,Folder,8KOcwD5vWNck6lw7Hwc9eb
/Explore/EDW/EDW_STG,m_SRC_EDW_STG_Regions,DTEMPLATE,5POzlekrMCodHIQgu8CsOR
/Explore/EDW/EDW_DEMO,m_first_last_record,DTEMPLATE,3alSmPi3iYPgeh6KMp6ZAm
/Explore/EDW/EDW_STG,m_SRC_EDW_STG_Locations,DTEMPLATE,lAaEWZanbq0eLEgU6yRg6M
/Explore/EDW/EDW,WF_LT_EDW_ALL,WORKFLOW,cqioWeoZiaZi7DM0lgkySK