{
  "name" : "EDW_Export_26AUG24",
  "sourceOrgId" : "6bcLtozp7oZfCdGucXrSGz",
  "sourceOrgName" : "NAC",
  "exportedObjects" : [ {
    "objectGuid" : "7kQPU0RAYGreCHZrjq00QE",
    "objectName" : "HS_Orders_data_JSON",
    "objectType" : "HSCHEMA",
    "path" : "/Explore/EDW/EDW_DEMO",
    "metadata" : {
      "modelVersion" : {
        "major" : 0,
        "minor" : 0
      },
      "repoInfo" : {
        "repoHandle" : "01CWTQ36000000000004"
      },
      "objectRefs" : [ ],
      "contextAttributes" : [ {
        "name" : "id",
        "value" : "@1"
      } ],
      "additionalInfo" : {
        "description" : "",
        "contentType" : "JSON",
        "documentState" : "VALID"
      }
    }
  }, {
    "objectGuid" : "3WvERoIfGwrdBWI7JjlF2y",
    "objectName" : "ST_Ora_Snflk_Employees_Details",
    "objectType" : "DSS",
    "path" : "/Explore/EDW/EDW_STG",
    "metadata" : {
      "modelVersion" : {
        "major" : 0,
        "minor" : 0
      },
      "repoInfo" : {
        "repoHandle" : "01CWTQ0I000000000002"
      },
      "objectRefs" : [ "5w895ClsebYhuzlCATOjM5", "jNOSY1SsqqOcikTd6zrXs0" ],
      "contextAttributes" : [ {
        "name" : "id",
        "value" : "@1"
      } ],
      "additionalInfo" : {
        "description" : "",
        "contentType" : "JSON",
        "documentState" : "VALID"
      }
    }
  }, {
    "objectGuid" : "5w895ClsebYhuzlCATOjM5",
    "objectName" : "Tgt_SNFLK_Conn",
    "objectType" : "Connection",
    "path" : "/SYS",
    "metadata" : {
      "modelVersion" : {
        "major" : 0,
        "minor" : 0
      },
      "repoInfo" : {
        "repoHandle" : "01CWTQ0B000000000007"
      },
      "objectRefs" : [ "1nWVDAa9vS2gROG3ZpfdUx" ],
      "contextAttributes" : [ {
        "name" : "id",
        "value" : "@1"
      } ],
      "additionalInfo" : {
        "description" : "Source Snowflake Connection",
        "contentType" : "JSON",
        "documentState" : "COMPLETE"
      }
    }
  }, {
    "objectGuid" : "5qvtDnvZ6W9dO90e1yHHUi",
    "objectName" : "MT_m_EDW_STG_EDW_Jobs",
    "objectType" : "MTT",
    "path" : "/Explore/EDW/EDW",
    "metadata" : {
      "modelVersion" : {
        "major" : 0,
        "minor" : 0
      },
      "repoInfo" : {
        "repoHandle" : "01CWTQ0Z00000000000S"
      },
      "objectRefs" : [ "5w895ClsebYhuzlCATOjM5", "1nWVDAa9vS2gROG3ZpfdUx", "3xtfqbfP3c5bsXlVjsrA25", "3nJwSKFTuL3ch24eT4O2M6" ],
      "contextAttributes" : [ {
        "name" : "id",
        "value" : "@1"
      } ],
      "additionalInfo" : {
        "description" : null,
        "contentType" : "JSON",
        "documentState" : "VALID"
      }
    }
  }, {
    "objectGuid" : "dKNaCr0fP8re26iR2VaBYX",
    "objectName" : "EDW_EXTR",
    "objectType" : "Folder",
    "path" : "/Explore/EDW",
    "metadata" : {
      "modelVersion" : {
        "major" : 0,
        "minor" : 0
      },
      "repoInfo" : null,
      "objectRefs" : [ ],
      "contextAttributes" : [ ],
      "additionalInfo" : {
        "description" : "This is the Project folder for the extracts needed as per requirements.",
        "contentType" : "Binary",
        "documentState" : "COMPLETE"
      }
    }
  }, {
    "objectGuid" : "9AFVNMxp88IbDEEZ4lXLYC",
    "objectName" : "MT_m_SRC_EDW_STG_Countries",
    "objectType" : "MTT",
    "path" : "/Explore/EDW/EDW_STG",
    "metadata" : {
      "modelVersion" : {
        "major" : 0,
        "minor" : 0
      },
      "repoInfo" : {
        "repoHandle" : "01CWTQ0Z00000000000K"
      },
      "objectRefs" : [ "jNOSY1SsqqOcikTd6zrXs0", "1nWVDAa9vS2gROG3ZpfdUx", "3xtfqbfP3c5bsXlVjsrA25", "eyPPopavscyiihHj4naG0e" ],
      "contextAttributes" : [ {
        "name" : "id",
        "value" : "@1"
      } ],
      "additionalInfo" : {
        "description" : null,
        "contentType" : "JSON",
        "documentState" : "VALID"
      }
    }
  }, {
    "objectGuid" : "3MNuSeQvCcki5CARRyR4C5",
    "objectName" : "Tsk_First_New_Latest_1",
    "objectType" : "TASKFLOW",
    "path" : "/Explore/EDW/EDW_DEMO",
    "metadata" : {
      "modelVersion" : {
        "major" : 1,
        "minor" : 0
      },
      "repoInfo" : {
        "repoHandle" : "7ojm9RuuB3uopz4-gt-24423551-2024-08-11T13:46:10.94Z::tf.xml"
      },
      "objectRefs" : [ "4RKsiGHhiVAeQMtvAibQmu", "6D4nZ0roRQVdMVeI96Ndsq", "ahLJjifvHYncTM1h79vMKk" ],
      "contextAttributes" : null,
      "additionalInfo" : {
        "description" : "",
        "contentType" : "application/json; charset=utf-8",
        "documentState" : "VALID"
      }
    }
  }, {
    "objectGuid" : "a1BC8YmNsmQkI1LoZgivA2",
    "objectName" : "EDW_DEMO",
    "objectType" : "Folder",
    "path" : "/Explore/EDW",
    "metadata" : {
      "modelVersion" : {
        "major" : 0,
        "minor" : 0
      },
      "repoInfo" : null,
      "objectRefs" : [ ],
      "contextAttributes" : [ ],
      "additionalInfo" : {
        "description" : "This folder will have the demo mappings for the POC work.",
        "contentType" : "Binary",
        "documentState" : "COMPLETE"
      }
    }
  }, {
    "objectGuid" : "7lWhlDF2Pccl0M2oR73jSd",
    "objectName" : "MT_m_EDW_EXTR_Employees_Details",
    "objectType" : "MTT",
    "path" : "/Explore/EDW/EDW_EXTR",
    "metadata" : {
      "modelVersion" : {
        "major" : 0,
        "minor" : 0
      },
      "repoInfo" : {
        "repoHandle" : "01CWTQ0Z00000000000V"
      },
      "objectRefs" : [ "1nWVDAa9vS2gROG3ZpfdUx", "ckhD3LHLkKWktE9KR41KI1", "4vPjQ9w9c4SbDK34cUrpEp", "5vmXwevziYtjd2vYqgjEod" ],
      "contextAttributes" : [ {
        "name" : "id",
        "value" : "@1"
      } ],
      "additionalInfo" : {
        "description" : null,
        "contentType" : "JSON",
        "documentState" : "VALID"
      }
    }
  }, {
    "objectGuid" : "cCz7wO9hMMNlulGQvp0kyL",
    "objectName" : "MT_m_EDW_STG_EDW_Countries",
    "objectType" : "MTT",
    "path" : "/Explore/EDW/EDW",
    "metadata" : {
      "modelVersion" : {
        "major" : 0,
        "minor" : 0
      },
      "repoInfo" : {
        "repoHandle" : "01CWTQ0Z00000000000P"
      },
      "objectRefs" : [ "5w895ClsebYhuzlCATOjM5", "1nWVDAa9vS2gROG3ZpfdUx", "3xtfqbfP3c5bsXlVjsrA25", "b1EmCyracMFh0PTnYOf1cC" ],
      "contextAttributes" : [ {
        "name" : "id",
        "value" : "@1"
      } ],
      "additionalInfo" : {
        "description" : null,
        "contentType" : "JSON",
        "documentState" : "VALID"
      }
    }
  }, {
    "objectGuid" : "2OYNpseSzPCdvGjGIhIbuC",
    "objectName" : "MT_m_EDW_STG_EDW_Regions",
    "objectType" : "MTT",
    "path" : "/Explore/EDW/EDW",
    "metadata" : {
      "modelVersion" : {
        "major" : 0,
        "minor" : 0
      },
      "repoInfo" : {
        "repoHandle" : "01CWTQ0Z00000000000O"
      },
      "objectRefs" : [ "5w895ClsebYhuzlCATOjM5", "1nWVDAa9vS2gROG3ZpfdUx", "3xtfqbfP3c5bsXlVjsrA25", "4HXzTEnWxsVfUozZ4dvjgr" ],
      "contextAttributes" : [ {
        "name" : "id",
        "value" : "@1"
      } ],
      "additionalInfo" : {
        "description" : null,
        "contentType" : "JSON",
        "documentState" : "VALID"
      }
    }
  }, {
    "objectGuid" : "2olwHc7bFAvjAs72R0dzQp",
    "objectName" : "MT_REST_API_Get_Users_midstream",
    "objectType" : "MTT",
    "path" : "/Explore/EDW/EDW_DEMO",
    "metadata" : {
      "modelVersion" : {
        "major" : 0,
        "minor" : 0
      },
      "repoInfo" : {
        "repoHandle" : "01CWTQ0Z00000000000A"
      },
      "objectRefs" : [ "jXvsNXyxQWGg3lhDIYPuik", "fO1J0aJhKswiOx9iuCK0yl", "80RHVOG9YJufrbXC4cHs0X", "1nWVDAa9vS2gROG3ZpfdUx", "3xtfqbfP3c5bsXlVjsrA25", "5vmXwevziYtjd2vYqgjEod" ],
      "contextAttributes" : [ {
        "name" : "id",
        "value" : "@1"
      } ],
      "additionalInfo" : {
        "description" : null,
        "contentType" : "JSON",
        "documentState" : "VALID"
      }
    }
  }, {
    "objectGuid" : "geOzVZrHCCPbPOy9heN0yq",
    "objectName" : "CustomersOrders_HS",
    "objectType" : "HSCHEMA",
    "path" : "/Explore/EDW/EDW_DEMO",
    "metadata" : {
      "modelVersion" : {
        "major" : 0,
        "minor" : 0
      },
      "repoInfo" : {
        "repoHandle" : "01CWTQ36000000000003"
      },
      "objectRefs" : [ ],
      "contextAttributes" : [ {
        "name" : "id",
        "value" : "@1"
      } ],
      "additionalInfo" : {
        "description" : "",
        "contentType" : "JSON",
        "documentState" : "VALID"
      }
    }
  }, {
    "objectGuid" : "7qnXLz3IeyZchEazKIS544",
    "objectName" : "MT_m_EDW_STG_EDW_Job_History",
    "objectType" : "MTT",
    "path" : "/Explore/EDW/EDW",
    "metadata" : {
      "modelVersion" : {
        "major" : 0,
        "minor" : 0
      },
      "repoInfo" : {
        "repoHandle" : "01CWTQ0Z00000000000U"
      },
      "objectRefs" : [ "5w895ClsebYhuzlCATOjM5", "1nWVDAa9vS2gROG3ZpfdUx", "3xtfqbfP3c5bsXlVjsrA25", "227P6wfYxbqdyYTpTG14AA" ],
      "contextAttributes" : [ {
        "name" : "id",
        "value" : "@1"
      } ],
      "additionalInfo" : {
        "description" : null,
        "contentType" : "JSON",
        "documentState" : "VALID"
      }
    }
  }, {
    "objectGuid" : "lytm08smX8ufSfyeGwm3Ae",
    "objectName" : "MT_m_SRC_EDW_STG_Departments",
    "objectType" : "MTT",
    "path" : "/Explore/EDW/EDW_STG",
    "metadata" : {
      "modelVersion" : {
        "major" : 0,
        "minor" : 0
      },
      "repoInfo" : {
        "repoHandle" : "01CWTQ0Z00000000000I"
      },
      "objectRefs" : [ "jNOSY1SsqqOcikTd6zrXs0", "1nWVDAa9vS2gROG3ZpfdUx", "3xtfqbfP3c5bsXlVjsrA25", "6oXEPtWZQEngaqPlcth1Aa" ],
      "contextAttributes" : [ {
        "name" : "id",
        "value" : "@1"
      } ],
      "additionalInfo" : {
        "description" : null,
        "contentType" : "JSON",
        "documentState" : "VALID"
      }
    }
  }, {
    "objectGuid" : "0ZxWu4DNf80i3t8ocQhDK2",
    "objectName" : "MT_m_SRC_EDW_STG_Employees",
    "objectType" : "MTT",
    "path" : "/Explore/EDW/EDW_STG",
    "metadata" : {
      "modelVersion" : {
        "major" : 0,
        "minor" : 0
      },
      "repoInfo" : {
        "repoHandle" : "01CWTQ0Z00000000000G"
      },
      "objectRefs" : [ "jNOSY1SsqqOcikTd6zrXs0", "1nWVDAa9vS2gROG3ZpfdUx", "3xtfqbfP3c5bsXlVjsrA25", "3W3cGSHNE8RhwTiFaY30kW" ],
      "contextAttributes" : [ {
        "name" : "id",
        "value" : "@1"
      } ],
      "additionalInfo" : {
        "description" : null,
        "contentType" : "JSON",
        "documentState" : "VALID"
      }
    }
  }, {
    "objectGuid" : "dUpLLLUszCugqd6WuOygOs",
    "objectName" : "MTT_m_FF_Partitoning_demo",
    "objectType" : "MTT",
    "path" : "/Explore/EDW/EDW_STG",
    "metadata" : {
      "modelVersion" : {
        "major" : 0,
        "minor" : 0
      },
      "repoInfo" : {
        "repoHandle" : "01CWTQ0Z00000000000H"
      },
      "objectRefs" : [ "7zdh1U357RckJaGxnXVwmN", "5f2jWlY7f7hgsg4VJC4fGk", "1nWVDAa9vS2gROG3ZpfdUx", "3xtfqbfP3c5bsXlVjsrA25" ],
      "contextAttributes" : [ {
        "name" : "id",
        "value" : "@1"
      } ],
      "additionalInfo" : {
        "description" : null,
        "contentType" : "JSON",
        "documentState" : "VALID"
      }
    }
  }, {
    "objectGuid" : "kN5jsHhnBWXeveGlKfHzAQ",
    "objectName" : "MT_m_EDW_STG_EDW_Employees",
    "objectType" : "MTT",
    "path" : "/Explore/EDW/EDW",
    "metadata" : {
      "modelVersion" : {
        "major" : 0,
        "minor" : 0
      },
      "repoInfo" : {
        "repoHandle" : "01CWTQ0Z00000000000T"
      },
      "objectRefs" : [ "5w895ClsebYhuzlCATOjM5", "1nWVDAa9vS2gROG3ZpfdUx", "3xtfqbfP3c5bsXlVjsrA25", "5QpgQYpRAqwhBvwxNhNFQ3" ],
      "contextAttributes" : [ {
        "name" : "id",
        "value" : "@1"
      } ],
      "additionalInfo" : {
        "description" : null,
        "contentType" : "JSON",
        "documentState" : "VALID"
      }
    }
  }, {
    "objectGuid" : "3TlMl21bBXrivuxgECgDoP",
    "objectName" : "m_first_latest",
    "objectType" : "DTEMPLATE",
    "path" : "/Explore/EDW/EDW_DEMO",
    "metadata" : {
      "modelVersion" : {
        "major" : 0,
        "minor" : 0
      },
      "repoInfo" : {
        "repoHandle" : "01CWTQ1700000000000Y"
      },
      "objectRefs" : [ "7zdh1U357RckJaGxnXVwmN", "5vmXwevziYtjd2vYqgjEod" ],
      "contextAttributes" : [ {
        "name" : "id",
        "value" : "@1"
      } ],
      "additionalInfo" : {
        "description" : "",
        "contentType" : "JSON",
        "documentState" : "VALID"
      }
    }
  }, {
    "objectGuid" : "3nJwSKFTuL3ch24eT4O2M6",
    "objectName" : "m_EDW_STG_EDW_Jobs",
    "objectType" : "DTEMPLATE",
    "path" : "/Explore/EDW/EDW",
    "metadata" : {
      "modelVersion" : {
        "major" : 0,
        "minor" : 0
      },
      "repoInfo" : {
        "repoHandle" : "01CWTQ1700000000001P"
      },
      "objectRefs" : [ "5w895ClsebYhuzlCATOjM5", "3xtfqbfP3c5bsXlVjsrA25" ],
      "contextAttributes" : [ {
        "name" : "id",
        "value" : "@1"
      } ],
      "additionalInfo" : {
        "description" : "",
        "contentType" : "JSON",
        "documentState" : "VALID"
      }
    }
  }, {
    "objectGuid" : "9KVRqYoz5yjeAoQEeQUBq2",
    "objectName" : "MT_m_EDW_STG_EDW_Departments",
    "objectType" : "MTT",
    "path" : "/Explore/EDW/EDW",
    "metadata" : {
      "modelVersion" : {
        "major" : 0,
        "minor" : 0
      },
      "repoInfo" : {
        "repoHandle" : "01CWTQ0Z00000000000R"
      },
      "objectRefs" : [ "5w895ClsebYhuzlCATOjM5", "1nWVDAa9vS2gROG3ZpfdUx", "3xtfqbfP3c5bsXlVjsrA25", "8ulr2h5TvM3bG9ULlg0MoV" ],
      "contextAttributes" : [ {
        "name" : "id",
        "value" : "@1"
      } ],
      "additionalInfo" : {
        "description" : null,
        "contentType" : "JSON",
        "documentState" : "VALID"
      }
    }
  }, {
    "objectGuid" : "0b2c0cCi3gWhL5sgjE0ggj",
    "objectName" : "Tsk_First_New_Latest",
    "objectType" : "TASKFLOW",
    "path" : "/Explore/EDW/EDW_DEMO",
    "metadata" : {
      "modelVersion" : {
        "major" : 1,
        "minor" : 0
      },
      "repoInfo" : {
        "repoHandle" : "iWVdzm5Y6tMFygl-gt-24119031-2024-08-11T08:42:11.133Z::tf.xml"
      },
      "objectRefs" : [ "4RKsiGHhiVAeQMtvAibQmu", "6D4nZ0roRQVdMVeI96Ndsq", "ahLJjifvHYncTM1h79vMKk" ],
      "contextAttributes" : null,
      "additionalInfo" : {
        "description" : "",
        "contentType" : "application/json; charset=utf-8",
        "documentState" : "VALID"
      }
    }
  }, {
    "objectGuid" : "4vPjQ9w9c4SbDK34cUrpEp",
    "objectName" : "Tgt_SNFLK_EXTR_Conn",
    "objectType" : "Connection",
    "path" : "/SYS",
    "metadata" : {
      "modelVersion" : {
        "major" : 0,
        "minor" : 0
      },
      "repoInfo" : {
        "repoHandle" : "01CWTQ0B00000000000E"
      },
      "objectRefs" : [ "1nWVDAa9vS2gROG3ZpfdUx" ],
      "contextAttributes" : [ {
        "name" : "id",
        "value" : "@1"
      } ],
      "additionalInfo" : {
        "description" : "Source Snowflake Connection",
        "contentType" : "JSON",
        "documentState" : "COMPLETE"
      }
    }
  }, {
    "objectGuid" : "7zdh1U357RckJaGxnXVwmN",
    "objectName" : "Src_FF_Conn",
    "objectType" : "Connection",
    "path" : "/SYS",
    "metadata" : {
      "modelVersion" : {
        "major" : 0,
        "minor" : 0
      },
      "repoInfo" : {
        "repoHandle" : "01CWTQ0B000000000004"
      },
      "objectRefs" : [ "1nWVDAa9vS2gROG3ZpfdUx" ],
      "contextAttributes" : [ {
        "name" : "id",
        "value" : "@1"
      } ],
      "additionalInfo" : {
        "description" : "Source Flat File Connection",
        "contentType" : "JSON",
        "documentState" : "COMPLETE"
      }
    }
  }, {
    "objectGuid" : "80RHVOG9YJufrbXC4cHs0X",
    "objectName" : "m_REST_API_midstream",
    "objectType" : "DTEMPLATE",
    "path" : "/Explore/EDW/EDW_DEMO",
    "metadata" : {
      "modelVersion" : {
        "major" : 0,
        "minor" : 0
      },
      "repoInfo" : {
        "repoHandle" : "01CWTQ17000000000017"
      },
      "objectRefs" : [ "fO1J0aJhKswiOx9iuCK0yl", "3xtfqbfP3c5bsXlVjsrA25", "5vmXwevziYtjd2vYqgjEod" ],
      "contextAttributes" : [ {
        "name" : "id",
        "value" : "@1"
      } ],
      "additionalInfo" : {
        "description" : "",
        "contentType" : "JSON",
        "documentState" : "VALID"
      }
    }
  }, {
    "objectGuid" : "4nrlwv4ZCvGfXJ3MAA9R4Q",
    "objectName" : "SF_Customer_HS",
    "objectType" : "HSCHEMA",
    "path" : "/Explore/EDW/EDW_DEMO",
    "metadata" : {
      "modelVersion" : {
        "major" : 0,
        "minor" : 0
      },
      "repoInfo" : {
        "repoHandle" : "01CWTQ36000000000002"
      },
      "objectRefs" : [ ],
      "contextAttributes" : [ {
        "name" : "id",
        "value" : "@1"
      } ],
      "additionalInfo" : {
        "description" : "",
        "contentType" : "JSON",
        "documentState" : "VALID"
      }
    }
  }, {
    "objectGuid" : "ahLJjifvHYncTM1h79vMKk",
    "objectName" : "mct_first_latest",
    "objectType" : "MTT",
    "path" : "/Explore/EDW/EDW_DEMO",
    "metadata" : {
      "modelVersion" : {
        "major" : 0,
        "minor" : 0
      },
      "repoInfo" : {
        "repoHandle" : "01CWTQ0Z000000000002"
      },
      "objectRefs" : [ "7zdh1U357RckJaGxnXVwmN", "1nWVDAa9vS2gROG3ZpfdUx", "3TlMl21bBXrivuxgECgDoP", "5vmXwevziYtjd2vYqgjEod" ],
      "contextAttributes" : [ {
        "name" : "id",
        "value" : "@1"
      } ],
      "additionalInfo" : {
        "description" : null,
        "contentType" : "JSON",
        "documentState" : "VALID"
      }
    }
  }, {
    "objectGuid" : "1zLOXXF8go3i5AecONpv4K",
    "objectName" : "MT_m_EDW_STG_EDW_Locations",
    "objectType" : "MTT",
    "path" : "/Explore/EDW/EDW",
    "metadata" : {
      "modelVersion" : {
        "major" : 0,
        "minor" : 0
      },
      "repoInfo" : {
        "repoHandle" : "01CWTQ0Z00000000000Q"
      },
      "objectRefs" : [ "5w895ClsebYhuzlCATOjM5", "8lCLvCvLuTOf0GJHgGfYW3", "1nWVDAa9vS2gROG3ZpfdUx", "3xtfqbfP3c5bsXlVjsrA25" ],
      "contextAttributes" : [ {
        "name" : "id",
        "value" : "@1"
      } ],
      "additionalInfo" : {
        "description" : null,
        "contentType" : "JSON",
        "documentState" : "VALID"
      }
    }
  }, {
    "objectGuid" : "5vmXwevziYtjd2vYqgjEod",
    "objectName" : "Tgt_FF_Conn",
    "objectType" : "Connection",
    "path" : "/SYS",
    "metadata" : {
      "modelVersion" : {
        "major" : 0,
        "minor" : 0
      },
      "repoInfo" : {
        "repoHandle" : "01CWTQ0B000000000005"
      },
      "objectRefs" : [ "1nWVDAa9vS2gROG3ZpfdUx" ],
      "contextAttributes" : [ {
        "name" : "id",
        "value" : "@1"
      } ],
      "additionalInfo" : {
        "description" : "Target Flat File Connection",
        "contentType" : "JSON",
        "documentState" : "COMPLETE"
      }
    }
  }, {
    "objectGuid" : "blzA0forLQscy1ltofBpWp",
    "objectName" : "MT_Max_date_oracle",
    "objectType" : "MTT",
    "path" : "/Explore/EDW/EDW_DEMO",
    "metadata" : {
      "modelVersion" : {
        "major" : 0,
        "minor" : 0
      },
      "repoInfo" : {
        "repoHandle" : "01CWTQ0Z000000000008"
      },
      "objectRefs" : [ "jNOSY1SsqqOcikTd6zrXs0", "1nWVDAa9vS2gROG3ZpfdUx", "iK8ND19THUJjKLyajpuCUU", "5vmXwevziYtjd2vYqgjEod" ],
      "contextAttributes" : [ {
        "name" : "id",
        "value" : "@1"
      } ],
      "additionalInfo" : {
        "description" : null,
        "contentType" : "JSON",
        "documentState" : "VALID"
      }
    }
  }, {
    "objectGuid" : "5f2jWlY7f7hgsg4VJC4fGk",
    "objectName" : "m_FF_Partitoning_demo",
    "objectType" : "DTEMPLATE",
    "path" : "/Explore/EDW/EDW_STG",
    "metadata" : {
      "modelVersion" : {
        "major" : 0,
        "minor" : 0
      },
      "repoInfo" : {
        "repoHandle" : "01CWTQ1700000000001D"
      },
      "objectRefs" : [ "7zdh1U357RckJaGxnXVwmN", "3xtfqbfP3c5bsXlVjsrA25" ],
      "contextAttributes" : [ {
        "name" : "id",
        "value" : "@1"
      } ],
      "additionalInfo" : {
        "description" : "",
        "contentType" : "JSON",
        "documentState" : "VALID"
      }
    }
  }, {
    "objectGuid" : "5yHJLt4OBG1j7IcBymOjwU",
    "objectName" : "m_SRC_EDW_STG_Job_History",
    "objectType" : "DTEMPLATE",
    "path" : "/Explore/EDW/EDW_STG",
    "metadata" : {
      "modelVersion" : {
        "major" : 0,
        "minor" : 0
      },
      "repoInfo" : {
        "repoHandle" : "01CWTQ1700000000001J"
      },
      "objectRefs" : [ "jNOSY1SsqqOcikTd6zrXs0", "3xtfqbfP3c5bsXlVjsrA25" ],
      "contextAttributes" : [ {
        "name" : "id",
        "value" : "@1"
      } ],
      "additionalInfo" : {
        "description" : "",
        "contentType" : "JSON",
        "documentState" : "VALID"
      }
    }
  }, {
    "objectGuid" : "4Dyn6799nmsdTJny3a7KCR",
    "objectName" : "MT_Max_date",
    "objectType" : "MTT",
    "path" : "/Explore/EDW/EDW_DEMO",
    "metadata" : {
      "modelVersion" : {
        "major" : 0,
        "minor" : 0
      },
      "repoInfo" : {
        "repoHandle" : "01CWTQ0Z000000000003"
      },
      "objectRefs" : [ "1nWVDAa9vS2gROG3ZpfdUx", "3xtfqbfP3c5bsXlVjsrA25", "6f3ljeoNYIncFxzH2Bk3ek", "5vmXwevziYtjd2vYqgjEod" ],
      "contextAttributes" : [ {
        "name" : "id",
        "value" : "@1"
      } ],
      "additionalInfo" : {
        "description" : null,
        "contentType" : "JSON",
        "documentState" : "VALID"
      }
    }
  }, {
    "objectGuid" : "6D4nZ0roRQVdMVeI96Ndsq",
    "objectName" : "MT_LastRunDate",
    "objectType" : "MTT",
    "path" : "/Explore/EDW/EDW_DEMO",
    "metadata" : {
      "modelVersion" : {
        "major" : 0,
        "minor" : 0
      },
      "repoInfo" : {
        "repoHandle" : "01CWTQ0Z000000000004"
      },
      "objectRefs" : [ "1nWVDAa9vS2gROG3ZpfdUx", "3xtfqbfP3c5bsXlVjsrA25", "2dvFibEkmWpfEpCUtajYIM", "5vmXwevziYtjd2vYqgjEod" ],
      "contextAttributes" : [ {
        "name" : "id",
        "value" : "@1"
      } ],
      "additionalInfo" : {
        "description" : null,
        "contentType" : "JSON",
        "documentState" : "VALID"
      }
    }
  }, {
    "objectGuid" : "6oXEPtWZQEngaqPlcth1Aa",
    "objectName" : "m_SRC_EDW_STG_Departments",
    "objectType" : "DTEMPLATE",
    "path" : "/Explore/EDW/EDW_STG",
    "metadata" : {
      "modelVersion" : {
        "major" : 0,
        "minor" : 0
      },
      "repoInfo" : {
        "repoHandle" : "01CWTQ1700000000001E"
      },
      "objectRefs" : [ "jNOSY1SsqqOcikTd6zrXs0", "3xtfqbfP3c5bsXlVjsrA25" ],
      "contextAttributes" : [ {
        "name" : "id",
        "value" : "@1"
      } ],
      "additionalInfo" : {
        "description" : "",
        "contentType" : "JSON",
        "documentState" : "VALID"
      }
    }
  }, {
    "objectGuid" : "3W3cGSHNE8RhwTiFaY30kW",
    "objectName" : "m_SRC_EDW_STG_Employees",
    "objectType" : "DTEMPLATE",
    "path" : "/Explore/EDW/EDW_STG",
    "metadata" : {
      "modelVersion" : {
        "major" : 0,
        "minor" : 0
      },
      "repoInfo" : {
        "repoHandle" : "01CWTQ17000000000015"
      },
      "objectRefs" : [ "jNOSY1SsqqOcikTd6zrXs0", "3xtfqbfP3c5bsXlVjsrA25" ],
      "contextAttributes" : [ {
        "name" : "id",
        "value" : "@1"
      } ],
      "additionalInfo" : {
        "description" : "",
        "contentType" : "JSON",
        "documentState" : "VALID"
      }
    }
  }, {
    "objectGuid" : "8ulr2h5TvM3bG9ULlg0MoV",
    "objectName" : "m_EDW_STG_EDW_Departments",
    "objectType" : "DTEMPLATE",
    "path" : "/Explore/EDW/EDW",
    "metadata" : {
      "modelVersion" : {
        "major" : 0,
        "minor" : 0
      },
      "repoInfo" : {
        "repoHandle" : "01CWTQ1700000000001O"
      },
      "objectRefs" : [ "5w895ClsebYhuzlCATOjM5", "3xtfqbfP3c5bsXlVjsrA25" ],
      "contextAttributes" : [ {
        "name" : "id",
        "value" : "@1"
      } ],
      "additionalInfo" : {
        "description" : "",
        "contentType" : "JSON",
        "documentState" : "VALID"
      }
    }
  }, {
    "objectGuid" : "9egZTzSHx7xfc1twVg6DOM",
    "objectName" : "WF_ENTERPRISE_DATA_WARESHOUSE_ALL",
    "objectType" : "TASKFLOW",
    "path" : "/Explore/EDW/EDW",
    "metadata" : {
      "modelVersion" : {
        "major" : 1,
        "minor" : 0
      },
      "repoInfo" : {
        "repoHandle" : "dx6CjqFVNN5Kaaa-gt-47775571-2024-08-24T14:18:16.061Z::tf.xml"
      },
      "objectRefs" : [ "laGkHMF0w2Yh1OesA2W8K7", "kFKAnxtydKFdx7IPw8vwMQ" ],
      "contextAttributes" : null,
      "additionalInfo" : {
        "description" : "",
        "contentType" : "application/json; charset=utf-8",
        "documentState" : "VALID"
      }
    }
  }, {
    "objectGuid" : "0OBX3djkSVfkwgjU2IHG0g",
    "objectName" : "MT_Customer_Orders_XML",
    "objectType" : "MTT",
    "path" : "/Explore/EDW/EDW_DEMO",
    "metadata" : {
      "modelVersion" : {
        "major" : 0,
        "minor" : 0
      },
      "repoInfo" : {
        "repoHandle" : "01CWTQ0Z00000000000E"
      },
      "objectRefs" : [ "7zdh1U357RckJaGxnXVwmN", "iODwtpLBvwRiKQSYhKnFMD", "1nWVDAa9vS2gROG3ZpfdUx", "5vmXwevziYtjd2vYqgjEod", "geOzVZrHCCPbPOy9heN0yq" ],
      "contextAttributes" : [ {
        "name" : "id",
        "value" : "@1"
      } ],
      "additionalInfo" : {
        "description" : null,
        "contentType" : "JSON",
        "documentState" : "VALID"
      }
    }
  }, {
    "objectGuid" : "2LyGcEc9SFqeanygraCf2F",
    "objectName" : "REST_Post_Users_Conn",
    "objectType" : "Connection",
    "path" : "/SYS",
    "metadata" : {
      "modelVersion" : {
        "major" : 0,
        "minor" : 0
      },
      "repoInfo" : {
        "repoHandle" : "01CWTQ0B00000000000C"
      },
      "objectRefs" : [ "1nWVDAa9vS2gROG3ZpfdUx" ],
      "contextAttributes" : [ {
        "name" : "id",
        "value" : "@1"
      } ],
      "additionalInfo" : {
        "description" : "REST API Connection",
        "contentType" : "JSON",
        "documentState" : "COMPLETE"
      }
    }
  }, {
    "objectGuid" : "iODwtpLBvwRiKQSYhKnFMD",
    "objectName" : "m_Customer_Orders_XML",
    "objectType" : "DTEMPLATE",
    "path" : "/Explore/EDW/EDW_DEMO",
    "metadata" : {
      "modelVersion" : {
        "major" : 0,
        "minor" : 0
      },
      "repoInfo" : {
        "repoHandle" : "01CWTQ1700000000001B"
      },
      "objectRefs" : [ "7zdh1U357RckJaGxnXVwmN", "5vmXwevziYtjd2vYqgjEod", "geOzVZrHCCPbPOy9heN0yq" ],
      "contextAttributes" : [ {
        "name" : "id",
        "value" : "@1"
      } ],
      "additionalInfo" : {
        "description" : "",
        "contentType" : "JSON",
        "documentState" : "VALID"
      }
    }
  }, {
    "objectGuid" : "laGkHMF0w2Yh1OesA2W8K7",
    "objectName" : "WF_SRC_EDW_STG_ALL",
    "objectType" : "TASKFLOW",
    "path" : "/Explore/EDW/EDW_STG",
    "metadata" : {
      "modelVersion" : {
        "major" : 1,
        "minor" : 0
      },
      "repoInfo" : {
        "repoHandle" : "nHrWLU6S6fPAreF-gt-39440787-2024-08-20T07:13:17.213Z::tf.xml"
      },
      "objectRefs" : [ "0ZxWu4DNf80i3t8ocQhDK2", "lytm08smX8ufSfyeGwm3Ae", "gQM9yYyYyqZcMuEvZsMiw6", "kz8d6TErvoDjhWfkOHoCYF", "9AFVNMxp88IbDEEZ4lXLYC", "9IDcH3rUqBEf8BVjpq9yio", "6gjGwbKDsHWlVrGYKsoFYu" ],
      "contextAttributes" : null,
      "additionalInfo" : {
        "description" : "",
        "contentType" : "application/json; charset=utf-8",
        "documentState" : "VALID"
      }
    }
  }, {
    "objectGuid" : "2P8rqpZCkYLk7W6Nr5iIum",
    "objectName" : "m_REST_Get_Users",
    "objectType" : "DTEMPLATE",
    "path" : "/Explore/EDW/EDW_DEMO",
    "metadata" : {
      "modelVersion" : {
        "major" : 0,
        "minor" : 0
      },
      "repoInfo" : {
        "repoHandle" : "01CWTQ17000000000016"
      },
      "objectRefs" : [ "jXvsNXyxQWGg3lhDIYPuik", "5vmXwevziYtjd2vYqgjEod" ],
      "contextAttributes" : [ {
        "name" : "id",
        "value" : "@1"
      } ],
      "additionalInfo" : {
        "description" : "",
        "contentType" : "JSON",
        "documentState" : "VALID"
      }
    }
  }, {
    "objectGuid" : "1nWVDAa9vS2gROG3ZpfdUx",
    "objectName" : "DHEERAJSINGH-PC",
    "objectType" : "AgentGroup",
    "path" : "/SYS",
    "metadata" : {
      "modelVersion" : {
        "major" : 0,
        "minor" : 0
      },
      "repoInfo" : {
        "repoHandle" : "01CWTQ25000000000003"
      },
      "objectRefs" : [ ],
      "contextAttributes" : [ {
        "name" : "id",
        "value" : "@1"
      } ],
      "additionalInfo" : {
        "description" : null,
        "contentType" : "JSON",
        "documentState" : "VALID"
      }
    }
  }, {
    "objectGuid" : "kz8d6TErvoDjhWfkOHoCYF",
    "objectName" : "MT_m_SRC_EDW_STG_Jobs",
    "objectType" : "MTT",
    "path" : "/Explore/EDW/EDW_STG",
    "metadata" : {
      "modelVersion" : {
        "major" : 0,
        "minor" : 0
      },
      "repoInfo" : {
        "repoHandle" : "01CWTQ0Z00000000000M"
      },
      "objectRefs" : [ "jNOSY1SsqqOcikTd6zrXs0", "1nWVDAa9vS2gROG3ZpfdUx", "3xtfqbfP3c5bsXlVjsrA25", "6ZNRY77tiaGdO1s2PnJti7" ],
      "contextAttributes" : [ {
        "name" : "id",
        "value" : "@1"
      } ],
      "additionalInfo" : {
        "description" : null,
        "contentType" : "JSON",
        "documentState" : "VALID"
      }
    }
  }, {
    "objectGuid" : "0l4gfTAPnYLez3aZAMRYuD",
    "objectName" : "EDW",
    "objectType" : "Project",
    "path" : "/Explore",
    "metadata" : {
      "modelVersion" : {
        "major" : 0,
        "minor" : 0
      },
      "repoInfo" : null,
      "objectRefs" : [ ],
      "contextAttributes" : [ ],
      "additionalInfo" : {
        "description" : "This is an Enterprise Datawarehouse project for the Organization.",
        "contentType" : "Binary",
        "documentState" : "COMPLETE"
      }
    }
  }, {
    "objectGuid" : "kFKAnxtydKFdx7IPw8vwMQ",
    "objectName" : "WF_EDW_STG_EDW_ALL",
    "objectType" : "TASKFLOW",
    "path" : "/Explore/EDW/EDW",
    "metadata" : {
      "modelVersion" : {
        "major" : 1,
        "minor" : 0
      },
      "repoInfo" : {
        "repoHandle" : "0Fdw8jIw8jIw8jI-gt-47607221-2024-08-24T11:50:38.997Z::tf.xml"
      },
      "objectRefs" : [ "7qnXLz3IeyZchEazKIS544", "5qvtDnvZ6W9dO90e1yHHUi", "kN5jsHhnBWXeveGlKfHzAQ", "1zLOXXF8go3i5AecONpv4K", "cCz7wO9hMMNlulGQvp0kyL", "2OYNpseSzPCdvGjGIhIbuC", "9KVRqYoz5yjeAoQEeQUBq2" ],
      "contextAttributes" : null,
      "additionalInfo" : {
        "description" : "",
        "contentType" : "application/json; charset=utf-8",
        "documentState" : "VALID"
      }
    }
  }, {
    "objectGuid" : "6ZNRY77tiaGdO1s2PnJti7",
    "objectName" : "m_SRC_EDW_STG_Jobs",
    "objectType" : "DTEMPLATE",
    "path" : "/Explore/EDW/EDW_STG",
    "metadata" : {
      "modelVersion" : {
        "major" : 0,
        "minor" : 0
      },
      "repoInfo" : {
        "repoHandle" : "01CWTQ1700000000001I"
      },
      "objectRefs" : [ "jNOSY1SsqqOcikTd6zrXs0", "3xtfqbfP3c5bsXlVjsrA25" ],
      "contextAttributes" : [ {
        "name" : "id",
        "value" : "@1"
      } ],
      "additionalInfo" : {
        "description" : "",
        "contentType" : "JSON",
        "documentState" : "VALID"
      }
    }
  }, {
    "objectGuid" : "0VSXR7goDmHceY3iJ4L0o1",
    "objectName" : "REP_TSK_ORA_SRC_TO_FF",
    "objectType" : "DRS",
    "path" : "/Explore/EDW/EDW_STG",
    "metadata" : {
      "modelVersion" : {
        "major" : 0,
        "minor" : 0
      },
      "repoInfo" : {
        "repoHandle" : "01CWTQ0G000000000002"
      },
      "objectRefs" : [ "jNOSY1SsqqOcikTd6zrXs0", "5vmXwevziYtjd2vYqgjEod" ],
      "contextAttributes" : [ {
        "name" : "id",
        "value" : "@1"
      } ],
      "additionalInfo" : {
        "description" : null,
        "contentType" : "JSON",
        "documentState" : "VALID"
      }
    }
  }, {
    "objectGuid" : "227P6wfYxbqdyYTpTG14AA",
    "objectName" : "m_EDW_STG_EDW_Job_History",
    "objectType" : "DTEMPLATE",
    "path" : "/Explore/EDW/EDW",
    "metadata" : {
      "modelVersion" : {
        "major" : 0,
        "minor" : 0
      },
      "repoInfo" : {
        "repoHandle" : "01CWTQ1700000000001R"
      },
      "objectRefs" : [ "5w895ClsebYhuzlCATOjM5", "3xtfqbfP3c5bsXlVjsrA25" ],
      "contextAttributes" : [ {
        "name" : "id",
        "value" : "@1"
      } ],
      "additionalInfo" : {
        "description" : "",
        "contentType" : "JSON",
        "documentState" : "VALID"
      }
    }
  }, {
    "objectGuid" : "2dvFibEkmWpfEpCUtajYIM",
    "objectName" : "m_LastRunDate_demo",
    "objectType" : "DTEMPLATE",
    "path" : "/Explore/EDW/EDW_DEMO",
    "metadata" : {
      "modelVersion" : {
        "major" : 0,
        "minor" : 0
      },
      "repoInfo" : {
        "repoHandle" : "01CWTQ17000000000010"
      },
      "objectRefs" : [ "3xtfqbfP3c5bsXlVjsrA25", "5vmXwevziYtjd2vYqgjEod" ],
      "contextAttributes" : [ {
        "name" : "id",
        "value" : "@1"
      } ],
      "additionalInfo" : {
        "description" : "",
        "contentType" : "JSON",
        "documentState" : "VALID"
      }
    }
  }, {
    "objectGuid" : "iK8ND19THUJjKLyajpuCUU",
    "objectName" : "m_Max_date_Oracle",
    "objectType" : "DTEMPLATE",
    "path" : "/Explore/EDW/EDW_DEMO",
    "metadata" : {
      "modelVersion" : {
        "major" : 0,
        "minor" : 0
      },
      "repoInfo" : {
        "repoHandle" : "01CWTQ17000000000014"
      },
      "objectRefs" : [ "jNOSY1SsqqOcikTd6zrXs0", "5vmXwevziYtjd2vYqgjEod" ],
      "contextAttributes" : [ {
        "name" : "id",
        "value" : "@1"
      } ],
      "additionalInfo" : {
        "description" : "",
        "contentType" : "JSON",
        "documentState" : "VALID"
      }
    }
  }, {
    "objectGuid" : "6f3ljeoNYIncFxzH2Bk3ek",
    "objectName" : "m_Max_date",
    "objectType" : "DTEMPLATE",
    "path" : "/Explore/EDW/EDW_DEMO",
    "metadata" : {
      "modelVersion" : {
        "major" : 0,
        "minor" : 0
      },
      "repoInfo" : {
        "repoHandle" : "01CWTQ1700000000000Z"
      },
      "objectRefs" : [ "3xtfqbfP3c5bsXlVjsrA25", "5vmXwevziYtjd2vYqgjEod" ],
      "contextAttributes" : [ {
        "name" : "id",
        "value" : "@1"
      } ],
      "additionalInfo" : {
        "description" : "",
        "contentType" : "JSON",
        "documentState" : "VALID"
      }
    }
  }, {
    "objectGuid" : "4HXzTEnWxsVfUozZ4dvjgr",
    "objectName" : "m_EDW_STG_EDW_Regions",
    "objectType" : "DTEMPLATE",
    "path" : "/Explore/EDW/EDW",
    "metadata" : {
      "modelVersion" : {
        "major" : 0,
        "minor" : 0
      },
      "repoInfo" : {
        "repoHandle" : "01CWTQ1700000000001L"
      },
      "objectRefs" : [ "5w895ClsebYhuzlCATOjM5", "3xtfqbfP3c5bsXlVjsrA25" ],
      "contextAttributes" : [ {
        "name" : "id",
        "value" : "@1"
      } ],
      "additionalInfo" : {
        "description" : "",
        "contentType" : "JSON",
        "documentState" : "VALID"
      }
    }
  }, {
    "objectGuid" : "gjHFIslpvkZg72lErKKaGg",
    "objectName" : "MT_Order_Data_JSON",
    "objectType" : "MTT",
    "path" : "/Explore/EDW/EDW_DEMO",
    "metadata" : {
      "modelVersion" : {
        "major" : 0,
        "minor" : 0
      },
      "repoInfo" : {
        "repoHandle" : "01CWTQ0Z00000000000F"
      },
      "objectRefs" : [ "7kQPU0RAYGreCHZrjq00QE", "7zdh1U357RckJaGxnXVwmN", "1nWVDAa9vS2gROG3ZpfdUx", "6V4OfOa8ccyfqxEHcYIHaL", "5vmXwevziYtjd2vYqgjEod" ],
      "contextAttributes" : [ {
        "name" : "id",
        "value" : "@1"
      } ],
      "additionalInfo" : {
        "description" : null,
        "contentType" : "JSON",
        "documentState" : "VALID"
      }
    }
  }, {
    "objectGuid" : "jXvsNXyxQWGg3lhDIYPuik",
    "objectName" : "REST_Get_Users_Conn",
    "objectType" : "Connection",
    "path" : "/SYS",
    "metadata" : {
      "modelVersion" : {
        "major" : 0,
        "minor" : 0
      },
      "repoInfo" : {
        "repoHandle" : "01CWTQ0B00000000000B"
      },
      "objectRefs" : [ "1nWVDAa9vS2gROG3ZpfdUx" ],
      "contextAttributes" : [ {
        "name" : "id",
        "value" : "@1"
      } ],
      "additionalInfo" : {
        "description" : "REST API Connection",
        "contentType" : "JSON",
        "documentState" : "COMPLETE"
      }
    }
  }, {
    "objectGuid" : "fO1J0aJhKswiOx9iuCK0yl",
    "objectName" : "Get_User_Business_Service",
    "objectType" : "BSERVICE",
    "path" : "/Explore/EDW/EDW_DEMO",
    "metadata" : {
      "modelVersion" : {
        "major" : 0,
        "minor" : 0
      },
      "repoInfo" : {
        "repoHandle" : "01CWTQ27000000000002"
      },
      "objectRefs" : [ "jXvsNXyxQWGg3lhDIYPuik" ],
      "contextAttributes" : [ {
        "name" : "id",
        "value" : "@1"
      }, {
        "name" : "01CWTQ28000000000002",
        "value" : "fO1J0aJhKswiOx9iuCK0yl@GET_USER"
      } ],
      "additionalInfo" : {
        "description" : "",
        "contentType" : "JSON",
        "documentState" : "VALID"
      }
    }
  }, {
    "objectGuid" : "jNOSY1SsqqOcikTd6zrXs0",
    "objectName" : "Src_Oracle_Conn",
    "objectType" : "Connection",
    "path" : "/SYS",
    "metadata" : {
      "modelVersion" : {
        "major" : 0,
        "minor" : 0
      },
      "repoInfo" : {
        "repoHandle" : "01CWTQ0B000000000009"
      },
      "objectRefs" : [ "1nWVDAa9vS2gROG3ZpfdUx" ],
      "contextAttributes" : [ {
        "name" : "id",
        "value" : "@1"
      } ],
      "additionalInfo" : {
        "description" : "Source Oracle Connection",
        "contentType" : "JSON",
        "documentState" : "COMPLETE"
      }
    }
  }, {
    "objectGuid" : "gQM9yYyYyqZcMuEvZsMiw6",
    "objectName" : "MT_m_SRC_EDW_STG_Regions",
    "objectType" : "MTT",
    "path" : "/Explore/EDW/EDW_STG",
    "metadata" : {
      "modelVersion" : {
        "major" : 0,
        "minor" : 0
      },
      "repoInfo" : {
        "repoHandle" : "01CWTQ0Z00000000000J"
      },
      "objectRefs" : [ "jNOSY1SsqqOcikTd6zrXs0", "1nWVDAa9vS2gROG3ZpfdUx", "3xtfqbfP3c5bsXlVjsrA25", "5POzlekrMCodHIQgu8CsOR" ],
      "contextAttributes" : [ {
        "name" : "id",
        "value" : "@1"
      } ],
      "additionalInfo" : {
        "description" : null,
        "contentType" : "JSON",
        "documentState" : "VALID"
      }
    }
  }, {
    "objectGuid" : "ckhD3LHLkKWktE9KR41KI1",
    "objectName" : "m_EDW_EXTR_Employees_Details",
    "objectType" : "DTEMPLATE",
    "path" : "/Explore/EDW/EDW_EXTR",
    "metadata" : {
      "modelVersion" : {
        "major" : 0,
        "minor" : 0
      },
      "repoInfo" : {
        "repoHandle" : "01CWTQ1700000000001S"
      },
      "objectRefs" : [ "4vPjQ9w9c4SbDK34cUrpEp", "5vmXwevziYtjd2vYqgjEod" ],
      "contextAttributes" : [ {
        "name" : "id",
        "value" : "@1"
      } ],
      "additionalInfo" : {
        "description" : "",
        "contentType" : "JSON",
        "documentState" : "VALID"
      }
    }
  }, {
    "objectGuid" : "4yWvSIrJ9Muk93eXM44TKq",
    "objectName" : "MT_REST_API_Post_Users",
    "objectType" : "MTT",
    "path" : "/Explore/EDW/EDW_DEMO",
    "metadata" : {
      "modelVersion" : {
        "major" : 0,
        "minor" : 0
      },
      "repoInfo" : {
        "repoHandle" : "01CWTQ0Z00000000000B"
      },
      "objectRefs" : [ "2LyGcEc9SFqeanygraCf2F", "1nWVDAa9vS2gROG3ZpfdUx", "3loaaxsQLtYeWNYRM8P385", "3xtfqbfP3c5bsXlVjsrA25" ],
      "contextAttributes" : [ {
        "name" : "id",
        "value" : "@1"
      } ],
      "additionalInfo" : {
        "description" : null,
        "contentType" : "JSON",
        "documentState" : "VALID"
      }
    }
  }, {
    "objectGuid" : "0loBdnSJtSpf2k0RLd8ved",
    "objectName" : "DTT_FF_DB_LARGE_CSV",
    "objectType" : "DTT",
    "path" : "/Explore/EDW/EDW_STG",
    "metadata" : {
      "modelVersion" : {
        "major" : 1,
        "minor" : 0
      },
      "repoInfo" : {
        "repoHandle" : "kLHCFZ0yTidkQ92bRzWB82"
      },
      "objectRefs" : [ "7zdh1U357RckJaGxnXVwmN", "1nWVDAa9vS2gROG3ZpfdUx", "3xtfqbfP3c5bsXlVjsrA25" ],
      "contextAttributes" : [ ],
      "additionalInfo" : {
        "description" : "",
        "contentType" : "application/json; charset=utf-8",
        "documentState" : "VALID"
      }
    }
  }, {
    "objectGuid" : "eyPPopavscyiihHj4naG0e",
    "objectName" : "m_SRC_EDW_STG_Countries",
    "objectType" : "DTEMPLATE",
    "path" : "/Explore/EDW/EDW_STG",
    "metadata" : {
      "modelVersion" : {
        "major" : 0,
        "minor" : 0
      },
      "repoInfo" : {
        "repoHandle" : "01CWTQ1700000000001G"
      },
      "objectRefs" : [ "jNOSY1SsqqOcikTd6zrXs0", "3xtfqbfP3c5bsXlVjsrA25" ],
      "contextAttributes" : [ {
        "name" : "id",
        "value" : "@1"
      } ],
      "additionalInfo" : {
        "description" : "",
        "contentType" : "JSON",
        "documentState" : "VALID"
      }
    }
  }, {
    "objectGuid" : "6V4OfOa8ccyfqxEHcYIHaL",
    "objectName" : "m_Order_Data_JSON",
    "objectType" : "DTEMPLATE",
    "path" : "/Explore/EDW/EDW_DEMO",
    "metadata" : {
      "modelVersion" : {
        "major" : 0,
        "minor" : 0
      },
      "repoInfo" : {
        "repoHandle" : "01CWTQ1700000000001C"
      },
      "objectRefs" : [ "7kQPU0RAYGreCHZrjq00QE", "7zdh1U357RckJaGxnXVwmN", "5vmXwevziYtjd2vYqgjEod" ],
      "contextAttributes" : [ {
        "name" : "id",
        "value" : "@1"
      } ],
      "additionalInfo" : {
        "description" : "",
        "contentType" : "JSON",
        "documentState" : "VALID"
      }
    }
  }, {
    "objectGuid" : "5rCFQcg4VEQb4r7BuBYKwK",
    "objectName" : "EDW",
    "objectType" : "Folder",
    "path" : "/Explore/EDW",
    "metadata" : {
      "modelVersion" : {
        "major" : 0,
        "minor" : 0
      },
      "repoInfo" : null,
      "objectRefs" : [ ],
      "contextAttributes" : [ ],
      "additionalInfo" : {
        "description" : "This folder will have the EDW_STG to EDW Jobs.",
        "contentType" : "Binary",
        "documentState" : "COMPLETE"
      }
    }
  }, {
    "objectGuid" : "2si657RlOzHcnh4HnMISKE",
    "objectName" : "MT_REST_Get_Users",
    "objectType" : "MTT",
    "path" : "/Explore/EDW/EDW_DEMO",
    "metadata" : {
      "modelVersion" : {
        "major" : 0,
        "minor" : 0
      },
      "repoInfo" : {
        "repoHandle" : "01CWTQ0Z000000000009"
      },
      "objectRefs" : [ "jXvsNXyxQWGg3lhDIYPuik", "1nWVDAa9vS2gROG3ZpfdUx", "2P8rqpZCkYLk7W6Nr5iIum", "5vmXwevziYtjd2vYqgjEod" ],
      "contextAttributes" : [ {
        "name" : "id",
        "value" : "@1"
      } ],
      "additionalInfo" : {
        "description" : null,
        "contentType" : "JSON",
        "documentState" : "VALID"
      }
    }
  }, {
    "objectGuid" : "audIuIOXM52eKSko6Tqgif",
    "objectName" : "MT_SF_Customer_HS_using_buffer",
    "objectType" : "MTT",
    "path" : "/Explore/EDW/EDW_DEMO",
    "metadata" : {
      "modelVersion" : {
        "major" : 0,
        "minor" : 0
      },
      "repoInfo" : {
        "repoHandle" : "01CWTQ0Z00000000000C"
      },
      "objectRefs" : [ "1nWVDAa9vS2gROG3ZpfdUx", "4nrlwv4ZCvGfXJ3MAA9R4Q", "3xtfqbfP3c5bsXlVjsrA25", "fwAAuHBSk4Ie0UCuw6zR0J", "5vmXwevziYtjd2vYqgjEod" ],
      "contextAttributes" : [ {
        "name" : "id",
        "value" : "@1"
      } ],
      "additionalInfo" : {
        "description" : null,
        "contentType" : "JSON",
        "documentState" : "VALID"
      }
    }
  }, {
    "objectGuid" : "b1EmCyracMFh0PTnYOf1cC",
    "objectName" : "m_EDW_STG_EDW_Countries",
    "objectType" : "DTEMPLATE",
    "path" : "/Explore/EDW/EDW",
    "metadata" : {
      "modelVersion" : {
        "major" : 0,
        "minor" : 0
      },
      "repoInfo" : {
        "repoHandle" : "01CWTQ1700000000001M"
      },
      "objectRefs" : [ "5w895ClsebYhuzlCATOjM5", "3xtfqbfP3c5bsXlVjsrA25" ],
      "contextAttributes" : [ {
        "name" : "id",
        "value" : "@1"
      } ],
      "additionalInfo" : {
        "description" : "",
        "contentType" : "JSON",
        "documentState" : "VALID"
      }
    }
  }, {
    "objectGuid" : "3loaaxsQLtYeWNYRM8P385",
    "objectName" : "m_REST_API_Post_Users",
    "objectType" : "DTEMPLATE",
    "path" : "/Explore/EDW/EDW_DEMO",
    "metadata" : {
      "modelVersion" : {
        "major" : 0,
        "minor" : 0
      },
      "repoInfo" : {
        "repoHandle" : "01CWTQ17000000000018"
      },
      "objectRefs" : [ "2LyGcEc9SFqeanygraCf2F", "3xtfqbfP3c5bsXlVjsrA25" ],
      "contextAttributes" : [ {
        "name" : "id",
        "value" : "@1"
      } ],
      "additionalInfo" : {
        "description" : "",
        "contentType" : "JSON",
        "documentState" : "VALID"
      }
    }
  }, {
    "objectGuid" : "3xtfqbfP3c5bsXlVjsrA25",
    "objectName" : "Src_SNFLK_Conn",
    "objectType" : "Connection",
    "path" : "/SYS",
    "metadata" : {
      "modelVersion" : {
        "major" : 0,
        "minor" : 0
      },
      "repoInfo" : {
        "repoHandle" : "01CWTQ0B000000000006"
      },
      "objectRefs" : [ "1nWVDAa9vS2gROG3ZpfdUx" ],
      "contextAttributes" : [ {
        "name" : "id",
        "value" : "@1"
      } ],
      "additionalInfo" : {
        "description" : "Source Snowflake Connection",
        "contentType" : "JSON",
        "documentState" : "COMPLETE"
      }
    }
  }, {
    "objectGuid" : "8q15ru30iOrcWutncaXNI8",
    "objectName" : "m_PIVOT_AND_DENORM_DEMO",
    "objectType" : "DTEMPLATE",
    "path" : "/Explore/EDW/EDW_DEMO",
    "metadata" : {
      "modelVersion" : {
        "major" : 0,
        "minor" : 0
      },
      "repoInfo" : {
        "repoHandle" : "01CWTQ1700000000001A"
      },
      "objectRefs" : [ "3xtfqbfP3c5bsXlVjsrA25", "5vmXwevziYtjd2vYqgjEod" ],
      "contextAttributes" : [ {
        "name" : "id",
        "value" : "@1"
      } ],
      "additionalInfo" : {
        "description" : "",
        "contentType" : "JSON",
        "documentState" : "VALID"
      }
    }
  }, {
    "objectGuid" : "5QpgQYpRAqwhBvwxNhNFQ3",
    "objectName" : "m_EDW_STG_EDW_Employees",
    "objectType" : "DTEMPLATE",
    "path" : "/Explore/EDW/EDW",
    "metadata" : {
      "modelVersion" : {
        "major" : 0,
        "minor" : 0
      },
      "repoInfo" : {
        "repoHandle" : "01CWTQ1700000000001Q"
      },
      "objectRefs" : [ "5w895ClsebYhuzlCATOjM5", "3xtfqbfP3c5bsXlVjsrA25" ],
      "contextAttributes" : [ {
        "name" : "id",
        "value" : "@1"
      } ],
      "additionalInfo" : {
        "description" : "",
        "contentType" : "JSON",
        "documentState" : "VALID"
      }
    }
  }, {
    "objectGuid" : "6rB9QtjuyXTldYAYBrZeKE",
    "objectName" : "m_param_connection",
    "objectType" : "DTEMPLATE",
    "path" : "/Explore/EDW/EDW_DEMO",
    "metadata" : {
      "modelVersion" : {
        "major" : 0,
        "minor" : 0
      },
      "repoInfo" : {
        "repoHandle" : "01CWTQ17000000000011"
      },
      "objectRefs" : [ ],
      "contextAttributes" : [ {
        "name" : "id",
        "value" : "@1"
      } ],
      "additionalInfo" : {
        "description" : "",
        "contentType" : "JSON",
        "documentState" : "VALID"
      }
    }
  }, {
    "objectGuid" : "fwAAuHBSk4Ie0UCuw6zR0J",
    "objectName" : "m_SF_Customer_HS_using_buffer",
    "objectType" : "DTEMPLATE",
    "path" : "/Explore/EDW/EDW_DEMO",
    "metadata" : {
      "modelVersion" : {
        "major" : 0,
        "minor" : 0
      },
      "repoInfo" : {
        "repoHandle" : "01CWTQ17000000000019"
      },
      "objectRefs" : [ "4nrlwv4ZCvGfXJ3MAA9R4Q", "3xtfqbfP3c5bsXlVjsrA25", "5vmXwevziYtjd2vYqgjEod" ],
      "contextAttributes" : [ {
        "name" : "id",
        "value" : "@1"
      } ],
      "additionalInfo" : {
        "description" : "",
        "contentType" : "JSON",
        "documentState" : "VALID"
      }
    }
  }, {
    "objectGuid" : "7XL2a9l5gg5itQrEiwc3ca",
    "objectName" : "MT_param_connection",
    "objectType" : "MTT",
    "path" : "/Explore/EDW/EDW_DEMO",
    "metadata" : {
      "modelVersion" : {
        "major" : 0,
        "minor" : 0
      },
      "repoInfo" : {
        "repoHandle" : "01CWTQ0Z000000000005"
      },
      "objectRefs" : [ "1nWVDAa9vS2gROG3ZpfdUx", "3xtfqbfP3c5bsXlVjsrA25", "6rB9QtjuyXTldYAYBrZeKE", "5vmXwevziYtjd2vYqgjEod" ],
      "contextAttributes" : [ {
        "name" : "id",
        "value" : "@1"
      } ],
      "additionalInfo" : {
        "description" : null,
        "contentType" : "JSON",
        "documentState" : "VALID"
      }
    }
  }, {
    "objectGuid" : "8lCLvCvLuTOf0GJHgGfYW3",
    "objectName" : "m_EDW_STG_EDW_Locations",
    "objectType" : "DTEMPLATE",
    "path" : "/Explore/EDW/EDW",
    "metadata" : {
      "modelVersion" : {
        "major" : 0,
        "minor" : 0
      },
      "repoInfo" : {
        "repoHandle" : "01CWTQ1700000000001N"
      },
      "objectRefs" : [ "5w895ClsebYhuzlCATOjM5", "3xtfqbfP3c5bsXlVjsrA25" ],
      "contextAttributes" : [ {
        "name" : "id",
        "value" : "@1"
      } ],
      "additionalInfo" : {
        "description" : "",
        "contentType" : "JSON",
        "documentState" : "VALID"
      }
    }
  }, {
    "objectGuid" : "4RKsiGHhiVAeQMtvAibQmu",
    "objectName" : "MT_first_last_record",
    "objectType" : "MTT",
    "path" : "/Explore/EDW/EDW_DEMO",
    "metadata" : {
      "modelVersion" : {
        "major" : 0,
        "minor" : 0
      },
      "repoInfo" : {
        "repoHandle" : "01CWTQ0Z000000000006"
      },
      "objectRefs" : [ "1nWVDAa9vS2gROG3ZpfdUx", "3xtfqbfP3c5bsXlVjsrA25", "3alSmPi3iYPgeh6KMp6ZAm", "5vmXwevziYtjd2vYqgjEod" ],
      "contextAttributes" : [ {
        "name" : "id",
        "value" : "@1"
      } ],
      "additionalInfo" : {
        "description" : null,
        "contentType" : "JSON",
        "documentState" : "VALID"
      }
    }
  }, {
    "objectGuid" : "8K9rdWvBPGEjIUMSJHQsSP",
    "objectName" : "MT_PIVOT_AND_DENORM_DEMO",
    "objectType" : "MTT",
    "path" : "/Explore/EDW/EDW_DEMO",
    "metadata" : {
      "modelVersion" : {
        "major" : 0,
        "minor" : 0
      },
      "repoInfo" : {
        "repoHandle" : "01CWTQ0Z00000000000D"
      },
      "objectRefs" : [ "1nWVDAa9vS2gROG3ZpfdUx", "3xtfqbfP3c5bsXlVjsrA25", "8q15ru30iOrcWutncaXNI8", "5vmXwevziYtjd2vYqgjEod" ],
      "contextAttributes" : [ {
        "name" : "id",
        "value" : "@1"
      } ],
      "additionalInfo" : {
        "description" : null,
        "contentType" : "JSON",
        "documentState" : "VALID"
      }
    }
  }, {
    "objectGuid" : "cy24B5abRqldICMUxLzqMN",
    "objectName" : "Data_Trnsfr_Ora_Snflk_Tsk",
    "objectType" : "DTT",
    "path" : "/Explore/EDW/EDW_DEMO",
    "metadata" : {
      "modelVersion" : {
        "major" : 1,
        "minor" : 0
      },
      "repoInfo" : {
        "repoHandle" : "1Qs5p6cLyZRfZDw1ivO5oc"
      },
      "objectRefs" : [ "5w895ClsebYhuzlCATOjM5", "jNOSY1SsqqOcikTd6zrXs0", "1nWVDAa9vS2gROG3ZpfdUx" ],
      "contextAttributes" : [ ],
      "additionalInfo" : {
        "description" : "",
        "contentType" : "application/json; charset=utf-8",
        "documentState" : "VALID"
      }
    }
  }, {
    "objectGuid" : "9IDcH3rUqBEf8BVjpq9yio",
    "objectName" : "MT_m_SRC_EDW_STG_Locations",
    "objectType" : "MTT",
    "path" : "/Explore/EDW/EDW_STG",
    "metadata" : {
      "modelVersion" : {
        "major" : 0,
        "minor" : 0
      },
      "repoInfo" : {
        "repoHandle" : "01CWTQ0Z00000000000L"
      },
      "objectRefs" : [ "jNOSY1SsqqOcikTd6zrXs0", "1nWVDAa9vS2gROG3ZpfdUx", "3xtfqbfP3c5bsXlVjsrA25", "lAaEWZanbq0eLEgU6yRg6M" ],
      "contextAttributes" : [ {
        "name" : "id",
        "value" : "@1"
      } ],
      "additionalInfo" : {
        "description" : null,
        "contentType" : "JSON",
        "documentState" : "VALID"
      }
    }
  }, {
    "objectGuid" : "6gjGwbKDsHWlVrGYKsoFYu",
    "objectName" : "MT_m_SRC_EDW_STG_Job_History",
    "objectType" : "MTT",
    "path" : "/Explore/EDW/EDW_STG",
    "metadata" : {
      "modelVersion" : {
        "major" : 0,
        "minor" : 0
      },
      "repoInfo" : {
        "repoHandle" : "01CWTQ0Z00000000000N"
      },
      "objectRefs" : [ "jNOSY1SsqqOcikTd6zrXs0", "1nWVDAa9vS2gROG3ZpfdUx", "5yHJLt4OBG1j7IcBymOjwU", "3xtfqbfP3c5bsXlVjsrA25" ],
      "contextAttributes" : [ {
        "name" : "id",
        "value" : "@1"
      } ],
      "additionalInfo" : {
        "description" : null,
        "contentType" : "JSON",
        "documentState" : "VALID"
      }
    }
  }, {
    "objectGuid" : "8KOcwD5vWNck6lw7Hwc9eb",
    "objectName" : "EDW_STG",
    "objectType" : "Folder",
    "path" : "/Explore/EDW",
    "metadata" : {
      "modelVersion" : {
        "major" : 0,
        "minor" : 0
      },
      "repoInfo" : null,
      "objectRefs" : [ ],
      "contextAttributes" : [ ],
      "additionalInfo" : {
        "description" : "This folder contains SRC to EDW Staging using SCD1.",
        "contentType" : "Binary",
        "documentState" : "COMPLETE"
      }
    }
  }, {
    "objectGuid" : "5POzlekrMCodHIQgu8CsOR",
    "objectName" : "m_SRC_EDW_STG_Regions",
    "objectType" : "DTEMPLATE",
    "path" : "/Explore/EDW/EDW_STG",
    "metadata" : {
      "modelVersion" : {
        "major" : 0,
        "minor" : 0
      },
      "repoInfo" : {
        "repoHandle" : "01CWTQ1700000000001F"
      },
      "objectRefs" : [ "jNOSY1SsqqOcikTd6zrXs0", "3xtfqbfP3c5bsXlVjsrA25" ],
      "contextAttributes" : [ {
        "name" : "id",
        "value" : "@1"
      } ],
      "additionalInfo" : {
        "description" : "",
        "contentType" : "JSON",
        "documentState" : "VALID"
      }
    }
  }, {
    "objectGuid" : "3alSmPi3iYPgeh6KMp6ZAm",
    "objectName" : "m_first_last_record",
    "objectType" : "DTEMPLATE",
    "path" : "/Explore/EDW/EDW_DEMO",
    "metadata" : {
      "modelVersion" : {
        "major" : 0,
        "minor" : 0
      },
      "repoInfo" : {
        "repoHandle" : "01CWTQ17000000000012"
      },
      "objectRefs" : [ "3xtfqbfP3c5bsXlVjsrA25", "5vmXwevziYtjd2vYqgjEod" ],
      "contextAttributes" : [ {
        "name" : "id",
        "value" : "@1"
      } ],
      "additionalInfo" : {
        "description" : "",
        "contentType" : "JSON",
        "documentState" : "VALID"
      }
    }
  }, {
    "objectGuid" : "lAaEWZanbq0eLEgU6yRg6M",
    "objectName" : "m_SRC_EDW_STG_Locations",
    "objectType" : "DTEMPLATE",
    "path" : "/Explore/EDW/EDW_STG",
    "metadata" : {
      "modelVersion" : {
        "major" : 0,
        "minor" : 0
      },
      "repoInfo" : {
        "repoHandle" : "01CWTQ1700000000001H"
      },
      "objectRefs" : [ "jNOSY1SsqqOcikTd6zrXs0", "3xtfqbfP3c5bsXlVjsrA25" ],
      "contextAttributes" : [ {
        "name" : "id",
        "value" : "@1"
      } ],
      "additionalInfo" : {
        "description" : "",
        "contentType" : "JSON",
        "documentState" : "VALID"
      }
    }
  }, {
    "objectGuid" : "cqioWeoZiaZi7DM0lgkySK",
    "objectName" : "WF_LT_EDW_ALL",
    "objectType" : "WORKFLOW",
    "path" : "/Explore/EDW/EDW",
    "metadata" : {
      "modelVersion" : {
        "major" : 0,
        "minor" : 0
      },
      "repoInfo" : {
        "repoHandle" : "01CWTQ0N000000000002"
      },
      "objectRefs" : [ "3WvERoIfGwrdBWI7JjlF2y", "0VSXR7goDmHceY3iJ4L0o1", "7lWhlDF2Pccl0M2oR73jSd" ],
      "contextAttributes" : [ {
        "name" : "id",
        "value" : "@1"
      } ],
      "additionalInfo" : {
        "description" : "Linear Taskflow for specific EDW tasks.",
        "contentType" : "JSON",
        "documentState" : "VALID"
      }
    }
  } ]
}