<aetgt:getResponse xmlns:aetgt="http://schemas.active-endpoints.com/appmodules/repository/2010/10/avrepository.xsd"
                   xmlns:types1="http://schemas.active-endpoints.com/appmodules/repository/2010/10/avrepository.xsd">
   <types1:Item>
      <types1:EntryId>vwNXHVOJ2oTVMTo-gt-9671887-2024-08-29T07:02:53.517Z::tf.xml</types1:EntryId>
      <types1:Name>WF_EDW_STG_EDW_ALL</types1:Name>
      <types1:MimeType>application/xml+taskflow</types1:MimeType>
      <types1:Description/>
      <types1:AppliesTo/>
      <types1:Tags/>
      <types1:VersionLabel>1.0</types1:VersionLabel>
      <types1:State>CURRENT</types1:State>
      <types1:ProcessGroup/>
      <types1:CreatedBy>dheeraj.collabera@gmail.com</types1:CreatedBy>
      <types1:CreationDate>2024-08-29T07:02:54Z</types1:CreationDate>
      <types1:ModifiedBy/>
      <types1:PublicationStatus>published</types1:PublicationStatus>
      <types1:PublishedBy>dheeraj.collabera@gmail.com</types1:PublishedBy>
      <types1:PublicationDate>2024-10-11T16:54:37Z</types1:PublicationDate>
      <types1:PublishedContributionId>project:/tf.WF_EDW_STG_EDW_ALL/WF_EDW_STG_EDW_ALL.tf.xml</types1:PublishedContributionId>
      <types1:Entry>
         <taskflow xmlns="http://schemas.active-endpoints.com/appmodules/screenflow/2010/10/avosScreenflow.xsd"
                   xmlns:tfm="http://schemas.active-endpoints.com/appmodules/screenflow/2021/04/taskflowModel.xsd"
                   xmlns:list="urn:activevos:spi:list:functions"
                   displayName="WF_EDW_STG_EDW_ALL"
                   name="WF_EDW_STG_EDW_ALL"
                   overrideAPIName="false">
            <parameterSet xmlns="http://schemas.active-endpoints.com/appmodules/screenflow/2021/04/taskflowModel.xsd"/>
            <appliesTo/>
            <description/>
            <tags/>
            <generator>Informatica Process Designer 11</generator>
            <tempFields>
               <field description="" name="MT_m_EDW_STG_EDW_Regions" type="reference">
                  <options>
                     <option name="failOnNotRun">true</option>
                     <option name="failOnFault">true</option>
                     <option name="referenceTo">$po:MT-m-EDW-STG-EDW-Regions-9hwkA6rBogafvewb2XVgUj</option>
                  </options>
               </field>
               <field description="" name="MT_m_EDW_STG_EDW_Countries" type="reference">
                  <options>
                     <option name="failOnNotRun">true</option>
                     <option name="failOnFault">true</option>
                     <option name="referenceTo">$po:MT-m-EDW-STG-EDW-Countries-6LK1LPgOrP2d3eLy1Ks1Cr</option>
                  </options>
               </field>
               <field description="" name="MT_m_EDW_STG_EDW_Locations" type="reference">
                  <options>
                     <option name="failOnNotRun">true</option>
                     <option name="failOnFault">true</option>
                     <option name="referenceTo">$po:MT-m-EDW-STG-EDW-Locations-hd94LbjUIwPbxPChgF1C0r</option>
                  </options>
               </field>
               <field description="" name="MT_m_EDW_STG_EDW_Departments" type="reference">
                  <options>
                     <option name="failOnNotRun">true</option>
                     <option name="failOnFault">true</option>
                     <option name="referenceTo">$po:MT-m-EDW-STG-EDW-Departments-1g78BzV2zoBdZ3x2RRGjCC</option>
                  </options>
               </field>
               <field description="" name="MT_m_EDW_STG_EDW_Jobs" type="reference">
                  <options>
                     <option name="failOnNotRun">true</option>
                     <option name="failOnFault">true</option>
                     <option name="referenceTo">$po:MT-m-EDW-STG-EDW-Jobs-bJaqi6Ql3ovbPHkom4oVo8</option>
                  </options>
               </field>
               <field description="" name="MT_m_EDW_STG_EDW_Employees" type="reference">
                  <options>
                     <option name="failOnNotRun">true</option>
                     <option name="failOnFault">true</option>
                     <option name="referenceTo">$po:MT-m-EDW-STG-EDW-Employees-9IHMHloObKCe04S9HSbGqi</option>
                  </options>
               </field>
               <field description="" name="MT_m_EDW_STG_EDW_Job_History" type="reference">
                  <options>
                     <option name="failOnNotRun">true</option>
                     <option name="failOnFault">true</option>
                     <option name="referenceTo">$po:MT-m-EDW-STG-EDW-Job-History-aviSNBBdLQFkJ1oET3e3Ky</option>
                  </options>
               </field>
            </tempFields>
            <notes/>
            <deployment skipIfRunning="true" suspendOnFault="true" tracingLevel="verbose">
               <rest>
                  <allowedUsers>
                     <user>dheeraj.papola@collaberadigital.com</user>
                  </allowedUsers>
               </rest>
            </deployment>
            <extData>
               <nvpair name="treatEmptyStringAsNotNull">false</nvpair>
               <nvpair name="treatEmptyObjectListAsArray">false</nvpair>
            </extData>
            <flow id="a">
               <start id="b">
                  <link id="m082qbho" targetId="m082qbi7"/>
               </start>
               <eventContainer id="m082qbi7">
                  <service id="m082qbhn">
                     <title>MT_m_EDW_STG_EDW_Regions</title>
                     <serviceName>ICSExecuteDataTask</serviceName>
                     <serviceGUID/>
                     <serviceInput>
                        <parameter name="Wait for Task to Complete" source="constant" updatable="true">true</parameter>
                        <parameter name="Max Wait" source="constant" updatable="true">604800</parameter>
                        <parameter name="Task Name" source="constant" updatable="true">MT_m_EDW_STG_EDW_Regions</parameter>
                        <parameter name="GUID" source="constant" updatable="true">9hwkA6rBogafvewb2XVgUj</parameter>
                        <parameter name="Task Type" source="constant" updatable="true">MCT</parameter>
                        <parameter name="Has Inout Parameters" source="constant" updatable="true">false</parameter>
                        <parameter name="taskField" source="nested">
                           <operation source="field" to="MT-m-EDW-STG-EDW-Regions-9hwkA6rBogafvewb2XVgUj">temp.MT_m_EDW_STG_EDW_Regions</operation>
                        </parameter>
                     </serviceInput>
                     <serviceOutput>
                        <operation source="field" to="temp.MT_m_EDW_STG_EDW_Regions/output/Object_Name">Object Name</operation>
                        <operation source="field" to="temp.MT_m_EDW_STG_EDW_Regions/output/Run_Id">Run Id</operation>
                        <operation source="field" to="temp.MT_m_EDW_STG_EDW_Regions/output/Log_Id">Log Id</operation>
                        <operation source="field" to="temp.MT_m_EDW_STG_EDW_Regions/output/Task_Id">Task Id</operation>
                        <operation source="field" to="temp.MT_m_EDW_STG_EDW_Regions/output/Task_Status">Task Status</operation>
                        <operation source="field"
                                   to="temp.MT_m_EDW_STG_EDW_Regions/output/Success_Source_Rows">Success Source Rows</operation>
                        <operation source="field"
                                   to="temp.MT_m_EDW_STG_EDW_Regions/output/Failed_Source_Rows">Failed Source Rows</operation>
                        <operation source="field"
                                   to="temp.MT_m_EDW_STG_EDW_Regions/output/Success_Target_Rows">Success Target Rows</operation>
                        <operation source="field"
                                   to="temp.MT_m_EDW_STG_EDW_Regions/output/Failed_Target_Rows">Failed Target Rows</operation>
                        <operation source="field" to="temp.MT_m_EDW_STG_EDW_Regions/output/Start_Time">Start Time</operation>
                        <operation source="field" to="temp.MT_m_EDW_STG_EDW_Regions/output/End_Time">End Time</operation>
                        <operation source="field" to="temp.MT_m_EDW_STG_EDW_Regions/output/Error_Message">Error Message</operation>
                        <operation source="field"
                                   to="temp.MT_m_EDW_STG_EDW_Regions/output/TotalTransErrors">Total Transformation Errors</operation>
                        <operation source="field" to="temp.MT_m_EDW_STG_EDW_Regions/output/FirstErrorCode">First Error Code</operation>
                     </serviceOutput>
                  </service>
                  <link id="m082qbkb" targetId="m082qbkf"/>
                  <events>
                     <catch faultField="temp.MT_m_EDW_STG_EDW_Regions/fault"
                            id="m082qbi5"
                            interrupting="true"
                            name="error">
                        <suspend/>
                     </catch>
                     <catch faultField="temp.MT_m_EDW_STG_EDW_Regions/fault"
                            id="m082qbi6"
                            interrupting="true"
                            name="warning"/>
                  </events>
               </eventContainer>
               <eventContainer id="m082qbkf">
                  <service id="m082qbka">
                     <title>MT_m_EDW_STG_EDW_Countries</title>
                     <serviceName>ICSExecuteDataTask</serviceName>
                     <serviceGUID/>
                     <serviceInput>
                        <parameter name="Wait for Task to Complete" source="constant" updatable="true">true</parameter>
                        <parameter name="Max Wait" source="constant" updatable="true">604800</parameter>
                        <parameter name="Task Name" source="constant" updatable="true">MT_m_EDW_STG_EDW_Countries</parameter>
                        <parameter name="GUID" source="constant" updatable="true">6LK1LPgOrP2d3eLy1Ks1Cr</parameter>
                        <parameter name="Task Type" source="constant" updatable="true">MCT</parameter>
                        <parameter name="Has Inout Parameters" source="constant" updatable="true">false</parameter>
                        <parameter name="taskField" source="nested">
                           <operation source="field" to="MT-m-EDW-STG-EDW-Countries-6LK1LPgOrP2d3eLy1Ks1Cr">temp.MT_m_EDW_STG_EDW_Countries</operation>
                        </parameter>
                     </serviceInput>
                     <serviceOutput>
                        <operation source="field" to="temp.MT_m_EDW_STG_EDW_Countries/output/Object_Name">Object Name</operation>
                        <operation source="field" to="temp.MT_m_EDW_STG_EDW_Countries/output/Run_Id">Run Id</operation>
                        <operation source="field" to="temp.MT_m_EDW_STG_EDW_Countries/output/Log_Id">Log Id</operation>
                        <operation source="field" to="temp.MT_m_EDW_STG_EDW_Countries/output/Task_Id">Task Id</operation>
                        <operation source="field" to="temp.MT_m_EDW_STG_EDW_Countries/output/Task_Status">Task Status</operation>
                        <operation source="field"
                                   to="temp.MT_m_EDW_STG_EDW_Countries/output/Success_Source_Rows">Success Source Rows</operation>
                        <operation source="field"
                                   to="temp.MT_m_EDW_STG_EDW_Countries/output/Failed_Source_Rows">Failed Source Rows</operation>
                        <operation source="field"
                                   to="temp.MT_m_EDW_STG_EDW_Countries/output/Success_Target_Rows">Success Target Rows</operation>
                        <operation source="field"
                                   to="temp.MT_m_EDW_STG_EDW_Countries/output/Failed_Target_Rows">Failed Target Rows</operation>
                        <operation source="field" to="temp.MT_m_EDW_STG_EDW_Countries/output/Start_Time">Start Time</operation>
                        <operation source="field" to="temp.MT_m_EDW_STG_EDW_Countries/output/End_Time">End Time</operation>
                        <operation source="field"
                                   to="temp.MT_m_EDW_STG_EDW_Countries/output/Error_Message">Error Message</operation>
                        <operation source="field"
                                   to="temp.MT_m_EDW_STG_EDW_Countries/output/TotalTransErrors">Total Transformation Errors</operation>
                        <operation source="field"
                                   to="temp.MT_m_EDW_STG_EDW_Countries/output/FirstErrorCode">First Error Code</operation>
                     </serviceOutput>
                  </service>
                  <link id="m082qbm1" targetId="m082qbm5"/>
                  <events>
                     <catch faultField="temp.MT_m_EDW_STG_EDW_Countries/fault"
                            id="m082qbkd"
                            interrupting="true"
                            name="error">
                        <suspend/>
                     </catch>
                     <catch faultField="temp.MT_m_EDW_STG_EDW_Countries/fault"
                            id="m082qbke"
                            interrupting="true"
                            name="warning"/>
                  </events>
               </eventContainer>
               <eventContainer id="m082qbm5">
                  <service id="m082qbm0">
                     <title>MT_m_EDW_STG_EDW_Locations</title>
                     <serviceName>ICSExecuteDataTask</serviceName>
                     <serviceGUID/>
                     <serviceInput>
                        <parameter name="Wait for Task to Complete" source="constant" updatable="true">true</parameter>
                        <parameter name="Max Wait" source="constant" updatable="true">604800</parameter>
                        <parameter name="Task Name" source="constant" updatable="true">MT_m_EDW_STG_EDW_Locations</parameter>
                        <parameter name="GUID" source="constant" updatable="true">hd94LbjUIwPbxPChgF1C0r</parameter>
                        <parameter name="Task Type" source="constant" updatable="true">MCT</parameter>
                        <parameter name="Has Inout Parameters" source="constant" updatable="true">false</parameter>
                        <parameter name="taskField" source="nested">
                           <operation source="field" to="MT-m-EDW-STG-EDW-Locations-hd94LbjUIwPbxPChgF1C0r">temp.MT_m_EDW_STG_EDW_Locations</operation>
                        </parameter>
                     </serviceInput>
                     <serviceOutput>
                        <operation source="field" to="temp.MT_m_EDW_STG_EDW_Locations/output/Object_Name">Object Name</operation>
                        <operation source="field" to="temp.MT_m_EDW_STG_EDW_Locations/output/Run_Id">Run Id</operation>
                        <operation source="field" to="temp.MT_m_EDW_STG_EDW_Locations/output/Log_Id">Log Id</operation>
                        <operation source="field" to="temp.MT_m_EDW_STG_EDW_Locations/output/Task_Id">Task Id</operation>
                        <operation source="field" to="temp.MT_m_EDW_STG_EDW_Locations/output/Task_Status">Task Status</operation>
                        <operation source="field"
                                   to="temp.MT_m_EDW_STG_EDW_Locations/output/Success_Source_Rows">Success Source Rows</operation>
                        <operation source="field"
                                   to="temp.MT_m_EDW_STG_EDW_Locations/output/Failed_Source_Rows">Failed Source Rows</operation>
                        <operation source="field"
                                   to="temp.MT_m_EDW_STG_EDW_Locations/output/Success_Target_Rows">Success Target Rows</operation>
                        <operation source="field"
                                   to="temp.MT_m_EDW_STG_EDW_Locations/output/Failed_Target_Rows">Failed Target Rows</operation>
                        <operation source="field" to="temp.MT_m_EDW_STG_EDW_Locations/output/Start_Time">Start Time</operation>
                        <operation source="field" to="temp.MT_m_EDW_STG_EDW_Locations/output/End_Time">End Time</operation>
                        <operation source="field"
                                   to="temp.MT_m_EDW_STG_EDW_Locations/output/Error_Message">Error Message</operation>
                        <operation source="field"
                                   to="temp.MT_m_EDW_STG_EDW_Locations/output/TotalTransErrors">Total Transformation Errors</operation>
                        <operation source="field"
                                   to="temp.MT_m_EDW_STG_EDW_Locations/output/FirstErrorCode">First Error Code</operation>
                     </serviceOutput>
                  </service>
                  <link id="m082qbnr" targetId="m082qbnv"/>
                  <events>
                     <catch faultField="temp.MT_m_EDW_STG_EDW_Locations/fault"
                            id="m082qbm3"
                            interrupting="true"
                            name="error">
                        <suspend/>
                     </catch>
                     <catch faultField="temp.MT_m_EDW_STG_EDW_Locations/fault"
                            id="m082qbm4"
                            interrupting="true"
                            name="warning"/>
                  </events>
               </eventContainer>
               <eventContainer id="m082qbnv">
                  <service id="m082qbnq">
                     <title>MT_m_EDW_STG_EDW_Departments</title>
                     <serviceName>ICSExecuteDataTask</serviceName>
                     <serviceGUID/>
                     <serviceInput>
                        <parameter name="Wait for Task to Complete" source="constant" updatable="true">true</parameter>
                        <parameter name="Max Wait" source="constant" updatable="true">604800</parameter>
                        <parameter name="Task Name" source="constant" updatable="true">MT_m_EDW_STG_EDW_Departments</parameter>
                        <parameter name="GUID" source="constant" updatable="true">1g78BzV2zoBdZ3x2RRGjCC</parameter>
                        <parameter name="Task Type" source="constant" updatable="true">MCT</parameter>
                        <parameter name="Has Inout Parameters" source="constant" updatable="true">false</parameter>
                        <parameter name="taskField" source="nested">
                           <operation source="field" to="MT-m-EDW-STG-EDW-Departments-1g78BzV2zoBdZ3x2RRGjCC">temp.MT_m_EDW_STG_EDW_Departments</operation>
                        </parameter>
                     </serviceInput>
                     <serviceOutput>
                        <operation source="field"
                                   to="temp.MT_m_EDW_STG_EDW_Departments/output/Object_Name">Object Name</operation>
                        <operation source="field" to="temp.MT_m_EDW_STG_EDW_Departments/output/Run_Id">Run Id</operation>
                        <operation source="field" to="temp.MT_m_EDW_STG_EDW_Departments/output/Log_Id">Log Id</operation>
                        <operation source="field" to="temp.MT_m_EDW_STG_EDW_Departments/output/Task_Id">Task Id</operation>
                        <operation source="field"
                                   to="temp.MT_m_EDW_STG_EDW_Departments/output/Task_Status">Task Status</operation>
                        <operation source="field"
                                   to="temp.MT_m_EDW_STG_EDW_Departments/output/Success_Source_Rows">Success Source Rows</operation>
                        <operation source="field"
                                   to="temp.MT_m_EDW_STG_EDW_Departments/output/Failed_Source_Rows">Failed Source Rows</operation>
                        <operation source="field"
                                   to="temp.MT_m_EDW_STG_EDW_Departments/output/Success_Target_Rows">Success Target Rows</operation>
                        <operation source="field"
                                   to="temp.MT_m_EDW_STG_EDW_Departments/output/Failed_Target_Rows">Failed Target Rows</operation>
                        <operation source="field" to="temp.MT_m_EDW_STG_EDW_Departments/output/Start_Time">Start Time</operation>
                        <operation source="field" to="temp.MT_m_EDW_STG_EDW_Departments/output/End_Time">End Time</operation>
                        <operation source="field"
                                   to="temp.MT_m_EDW_STG_EDW_Departments/output/Error_Message">Error Message</operation>
                        <operation source="field"
                                   to="temp.MT_m_EDW_STG_EDW_Departments/output/TotalTransErrors">Total Transformation Errors</operation>
                        <operation source="field"
                                   to="temp.MT_m_EDW_STG_EDW_Departments/output/FirstErrorCode">First Error Code</operation>
                     </serviceOutput>
                  </service>
                  <link id="m082qbph" targetId="m082qbpl"/>
                  <events>
                     <catch faultField="temp.MT_m_EDW_STG_EDW_Departments/fault"
                            id="m082qbnt"
                            interrupting="true"
                            name="error">
                        <suspend/>
                     </catch>
                     <catch faultField="temp.MT_m_EDW_STG_EDW_Departments/fault"
                            id="m082qbnu"
                            interrupting="true"
                            name="warning"/>
                  </events>
               </eventContainer>
               <eventContainer id="m082qbpl">
                  <service id="m082qbpg">
                     <title>MT_m_EDW_STG_EDW_Jobs</title>
                     <serviceName>ICSExecuteDataTask</serviceName>
                     <serviceGUID/>
                     <serviceInput>
                        <parameter name="Wait for Task to Complete" source="constant" updatable="true">true</parameter>
                        <parameter name="Max Wait" source="constant" updatable="true">604800</parameter>
                        <parameter name="Task Name" source="constant" updatable="true">MT_m_EDW_STG_EDW_Jobs</parameter>
                        <parameter name="GUID" source="constant" updatable="true">bJaqi6Ql3ovbPHkom4oVo8</parameter>
                        <parameter name="Task Type" source="constant" updatable="true">MCT</parameter>
                        <parameter name="Has Inout Parameters" source="constant" updatable="true">false</parameter>
                        <parameter name="taskField" source="nested">
                           <operation source="field" to="MT-m-EDW-STG-EDW-Jobs-bJaqi6Ql3ovbPHkom4oVo8">temp.MT_m_EDW_STG_EDW_Jobs</operation>
                        </parameter>
                     </serviceInput>
                     <serviceOutput>
                        <operation source="field" to="temp.MT_m_EDW_STG_EDW_Jobs/output/Object_Name">Object Name</operation>
                        <operation source="field" to="temp.MT_m_EDW_STG_EDW_Jobs/output/Run_Id">Run Id</operation>
                        <operation source="field" to="temp.MT_m_EDW_STG_EDW_Jobs/output/Log_Id">Log Id</operation>
                        <operation source="field" to="temp.MT_m_EDW_STG_EDW_Jobs/output/Task_Id">Task Id</operation>
                        <operation source="field" to="temp.MT_m_EDW_STG_EDW_Jobs/output/Task_Status">Task Status</operation>
                        <operation source="field"
                                   to="temp.MT_m_EDW_STG_EDW_Jobs/output/Success_Source_Rows">Success Source Rows</operation>
                        <operation source="field"
                                   to="temp.MT_m_EDW_STG_EDW_Jobs/output/Failed_Source_Rows">Failed Source Rows</operation>
                        <operation source="field"
                                   to="temp.MT_m_EDW_STG_EDW_Jobs/output/Success_Target_Rows">Success Target Rows</operation>
                        <operation source="field"
                                   to="temp.MT_m_EDW_STG_EDW_Jobs/output/Failed_Target_Rows">Failed Target Rows</operation>
                        <operation source="field" to="temp.MT_m_EDW_STG_EDW_Jobs/output/Start_Time">Start Time</operation>
                        <operation source="field" to="temp.MT_m_EDW_STG_EDW_Jobs/output/End_Time">End Time</operation>
                        <operation source="field" to="temp.MT_m_EDW_STG_EDW_Jobs/output/Error_Message">Error Message</operation>
                        <operation source="field" to="temp.MT_m_EDW_STG_EDW_Jobs/output/TotalTransErrors">Total Transformation Errors</operation>
                        <operation source="field" to="temp.MT_m_EDW_STG_EDW_Jobs/output/FirstErrorCode">First Error Code</operation>
                     </serviceOutput>
                  </service>
                  <link id="m082qbr7" targetId="m082qbrb"/>
                  <events>
                     <catch faultField="temp.MT_m_EDW_STG_EDW_Jobs/fault"
                            id="m082qbpj"
                            interrupting="true"
                            name="error">
                        <suspend/>
                     </catch>
                     <catch faultField="temp.MT_m_EDW_STG_EDW_Jobs/fault"
                            id="m082qbpk"
                            interrupting="true"
                            name="warning"/>
                  </events>
               </eventContainer>
               <eventContainer id="m082qbrb">
                  <service id="m082qbr6">
                     <title>MT_m_EDW_STG_EDW_Employees</title>
                     <serviceName>ICSExecuteDataTask</serviceName>
                     <serviceGUID/>
                     <serviceInput>
                        <parameter name="Wait for Task to Complete" source="constant" updatable="true">true</parameter>
                        <parameter name="Max Wait" source="constant" updatable="true">604800</parameter>
                        <parameter name="Task Name" source="constant" updatable="true">MT_m_EDW_STG_EDW_Employees</parameter>
                        <parameter name="GUID" source="constant" updatable="true">9IHMHloObKCe04S9HSbGqi</parameter>
                        <parameter name="Task Type" source="constant" updatable="true">MCT</parameter>
                        <parameter name="Has Inout Parameters" source="constant" updatable="true">false</parameter>
                        <parameter name="taskField" source="nested">
                           <operation source="field" to="MT-m-EDW-STG-EDW-Employees-9IHMHloObKCe04S9HSbGqi">temp.MT_m_EDW_STG_EDW_Employees</operation>
                        </parameter>
                     </serviceInput>
                     <serviceOutput>
                        <operation source="field" to="temp.MT_m_EDW_STG_EDW_Employees/output/Object_Name">Object Name</operation>
                        <operation source="field" to="temp.MT_m_EDW_STG_EDW_Employees/output/Run_Id">Run Id</operation>
                        <operation source="field" to="temp.MT_m_EDW_STG_EDW_Employees/output/Log_Id">Log Id</operation>
                        <operation source="field" to="temp.MT_m_EDW_STG_EDW_Employees/output/Task_Id">Task Id</operation>
                        <operation source="field" to="temp.MT_m_EDW_STG_EDW_Employees/output/Task_Status">Task Status</operation>
                        <operation source="field"
                                   to="temp.MT_m_EDW_STG_EDW_Employees/output/Success_Source_Rows">Success Source Rows</operation>
                        <operation source="field"
                                   to="temp.MT_m_EDW_STG_EDW_Employees/output/Failed_Source_Rows">Failed Source Rows</operation>
                        <operation source="field"
                                   to="temp.MT_m_EDW_STG_EDW_Employees/output/Success_Target_Rows">Success Target Rows</operation>
                        <operation source="field"
                                   to="temp.MT_m_EDW_STG_EDW_Employees/output/Failed_Target_Rows">Failed Target Rows</operation>
                        <operation source="field" to="temp.MT_m_EDW_STG_EDW_Employees/output/Start_Time">Start Time</operation>
                        <operation source="field" to="temp.MT_m_EDW_STG_EDW_Employees/output/End_Time">End Time</operation>
                        <operation source="field"
                                   to="temp.MT_m_EDW_STG_EDW_Employees/output/Error_Message">Error Message</operation>
                        <operation source="field"
                                   to="temp.MT_m_EDW_STG_EDW_Employees/output/TotalTransErrors">Total Transformation Errors</operation>
                        <operation source="field"
                                   to="temp.MT_m_EDW_STG_EDW_Employees/output/FirstErrorCode">First Error Code</operation>
                     </serviceOutput>
                  </service>
                  <link id="m082qbrf" targetId="m082qbrj"/>
                  <events>
                     <catch faultField="temp.MT_m_EDW_STG_EDW_Employees/fault"
                            id="m082qbr9"
                            interrupting="true"
                            name="error">
                        <suspend/>
                     </catch>
                     <catch faultField="temp.MT_m_EDW_STG_EDW_Employees/fault"
                            id="m082qbra"
                            interrupting="true"
                            name="warning"/>
                  </events>
               </eventContainer>
               <eventContainer id="m082qbrj">
                  <service id="m082qbre">
                     <title>MT_m_EDW_STG_EDW_Job_History</title>
                     <serviceName>ICSExecuteDataTask</serviceName>
                     <serviceGUID/>
                     <serviceInput>
                        <parameter name="Wait for Task to Complete" source="constant" updatable="true">true</parameter>
                        <parameter name="Max Wait" source="constant" updatable="true">604800</parameter>
                        <parameter name="Task Name" source="constant" updatable="true">MT_m_EDW_STG_EDW_Job_History</parameter>
                        <parameter name="GUID" source="constant" updatable="true">aviSNBBdLQFkJ1oET3e3Ky</parameter>
                        <parameter name="Task Type" source="constant" updatable="true">MCT</parameter>
                        <parameter name="Has Inout Parameters" source="constant" updatable="true">false</parameter>
                        <parameter name="taskField" source="nested">
                           <operation source="field" to="MT-m-EDW-STG-EDW-Job-History-aviSNBBdLQFkJ1oET3e3Ky">temp.MT_m_EDW_STG_EDW_Job_History</operation>
                        </parameter>
                     </serviceInput>
                     <serviceOutput>
                        <operation source="field"
                                   to="temp.MT_m_EDW_STG_EDW_Job_History/output/Object_Name">Object Name</operation>
                        <operation source="field" to="temp.MT_m_EDW_STG_EDW_Job_History/output/Run_Id">Run Id</operation>
                        <operation source="field" to="temp.MT_m_EDW_STG_EDW_Job_History/output/Log_Id">Log Id</operation>
                        <operation source="field" to="temp.MT_m_EDW_STG_EDW_Job_History/output/Task_Id">Task Id</operation>
                        <operation source="field"
                                   to="temp.MT_m_EDW_STG_EDW_Job_History/output/Task_Status">Task Status</operation>
                        <operation source="field"
                                   to="temp.MT_m_EDW_STG_EDW_Job_History/output/Success_Source_Rows">Success Source Rows</operation>
                        <operation source="field"
                                   to="temp.MT_m_EDW_STG_EDW_Job_History/output/Failed_Source_Rows">Failed Source Rows</operation>
                        <operation source="field"
                                   to="temp.MT_m_EDW_STG_EDW_Job_History/output/Success_Target_Rows">Success Target Rows</operation>
                        <operation source="field"
                                   to="temp.MT_m_EDW_STG_EDW_Job_History/output/Failed_Target_Rows">Failed Target Rows</operation>
                        <operation source="field" to="temp.MT_m_EDW_STG_EDW_Job_History/output/Start_Time">Start Time</operation>
                        <operation source="field" to="temp.MT_m_EDW_STG_EDW_Job_History/output/End_Time">End Time</operation>
                        <operation source="field"
                                   to="temp.MT_m_EDW_STG_EDW_Job_History/output/Error_Message">Error Message</operation>
                        <operation source="field"
                                   to="temp.MT_m_EDW_STG_EDW_Job_History/output/TotalTransErrors">Total Transformation Errors</operation>
                        <operation source="field"
                                   to="temp.MT_m_EDW_STG_EDW_Job_History/output/FirstErrorCode">First Error Code</operation>
                     </serviceOutput>
                  </service>
                  <link id="m082qbrg" targetId="c"/>
                  <events>
                     <catch faultField="temp.MT_m_EDW_STG_EDW_Job_History/fault"
                            id="m082qbrh"
                            interrupting="true"
                            name="error">
                        <suspend/>
                     </catch>
                     <catch faultField="temp.MT_m_EDW_STG_EDW_Job_History/fault"
                            id="m082qbri"
                            interrupting="true"
                            name="warning"/>
                  </events>
               </eventContainer>
               <end id="c"/>
            </flow>
            <dependencies>
               <processObject xmlns="http://schemas.active-endpoints.com/appmodules/screenflow/2011/06/avosHostEnvironment.xsd"
                              displayName="MT-m-EDW-STG-EDW-Regions-9hwkA6rBogafvewb2XVgUj"
                              isByCopy="true"
                              name="MT-m-EDW-STG-EDW-Regions-9hwkA6rBogafvewb2XVgUj">
                  <description/>
                  <tags/>
                  <detail>
                     <field label="TaskProperties Parameters"
                            name="taskProperties"
                            nullable="true"
                            required="false"
                            type="reference"/>
                     <field label="Output Parameters"
                            name="output"
                            nullable="true"
                            required="false"
                            type="reference"/>
                     <field label="Fault"
                            name="fault"
                            nullable="true"
                            required="false"
                            type="reference"/>
                     <field label="Max Wait (Seconds)"
                            name="Max_Wait"
                            nullable="true"
                            required="false"
                            type="int"/>
                  </detail>
               </processObject>
               <processObject xmlns="http://schemas.active-endpoints.com/appmodules/screenflow/2011/06/avosHostEnvironment.xsd"
                              displayName="MT-m-EDW-STG-EDW-Countries-6LK1LPgOrP2d3eLy1Ks1Cr"
                              isByCopy="true"
                              name="MT-m-EDW-STG-EDW-Countries-6LK1LPgOrP2d3eLy1Ks1Cr">
                  <description/>
                  <tags/>
                  <detail>
                     <field label="TaskProperties Parameters"
                            name="taskProperties"
                            nullable="true"
                            required="false"
                            type="reference"/>
                     <field label="Output Parameters"
                            name="output"
                            nullable="true"
                            required="false"
                            type="reference"/>
                     <field label="Fault"
                            name="fault"
                            nullable="true"
                            required="false"
                            type="reference"/>
                     <field label="Max Wait (Seconds)"
                            name="Max_Wait"
                            nullable="true"
                            required="false"
                            type="int"/>
                  </detail>
               </processObject>
               <processObject xmlns="http://schemas.active-endpoints.com/appmodules/screenflow/2011/06/avosHostEnvironment.xsd"
                              displayName="MT-m-EDW-STG-EDW-Locations-hd94LbjUIwPbxPChgF1C0r"
                              isByCopy="true"
                              name="MT-m-EDW-STG-EDW-Locations-hd94LbjUIwPbxPChgF1C0r">
                  <description/>
                  <tags/>
                  <detail>
                     <field label="TaskProperties Parameters"
                            name="taskProperties"
                            nullable="true"
                            required="false"
                            type="reference"/>
                     <field label="Output Parameters"
                            name="output"
                            nullable="true"
                            required="false"
                            type="reference"/>
                     <field label="Fault"
                            name="fault"
                            nullable="true"
                            required="false"
                            type="reference"/>
                     <field label="Max Wait (Seconds)"
                            name="Max_Wait"
                            nullable="true"
                            required="false"
                            type="int"/>
                  </detail>
               </processObject>
               <processObject xmlns="http://schemas.active-endpoints.com/appmodules/screenflow/2011/06/avosHostEnvironment.xsd"
                              displayName="MT-m-EDW-STG-EDW-Departments-1g78BzV2zoBdZ3x2RRGjCC"
                              isByCopy="true"
                              name="MT-m-EDW-STG-EDW-Departments-1g78BzV2zoBdZ3x2RRGjCC">
                  <description/>
                  <tags/>
                  <detail>
                     <field label="TaskProperties Parameters"
                            name="taskProperties"
                            nullable="true"
                            required="false"
                            type="reference"/>
                     <field label="Output Parameters"
                            name="output"
                            nullable="true"
                            required="false"
                            type="reference"/>
                     <field label="Fault"
                            name="fault"
                            nullable="true"
                            required="false"
                            type="reference"/>
                     <field label="Max Wait (Seconds)"
                            name="Max_Wait"
                            nullable="true"
                            required="false"
                            type="int"/>
                  </detail>
               </processObject>
               <processObject xmlns="http://schemas.active-endpoints.com/appmodules/screenflow/2011/06/avosHostEnvironment.xsd"
                              displayName="MT-m-EDW-STG-EDW-Jobs-bJaqi6Ql3ovbPHkom4oVo8"
                              isByCopy="true"
                              name="MT-m-EDW-STG-EDW-Jobs-bJaqi6Ql3ovbPHkom4oVo8">
                  <description/>
                  <tags/>
                  <detail>
                     <field label="TaskProperties Parameters"
                            name="taskProperties"
                            nullable="true"
                            required="false"
                            type="reference"/>
                     <field label="Output Parameters"
                            name="output"
                            nullable="true"
                            required="false"
                            type="reference"/>
                     <field label="Fault"
                            name="fault"
                            nullable="true"
                            required="false"
                            type="reference"/>
                     <field label="Max Wait (Seconds)"
                            name="Max_Wait"
                            nullable="true"
                            required="false"
                            type="int"/>
                  </detail>
               </processObject>
               <processObject xmlns="http://schemas.active-endpoints.com/appmodules/screenflow/2011/06/avosHostEnvironment.xsd"
                              displayName="MT-m-EDW-STG-EDW-Employees-9IHMHloObKCe04S9HSbGqi"
                              isByCopy="true"
                              name="MT-m-EDW-STG-EDW-Employees-9IHMHloObKCe04S9HSbGqi">
                  <description/>
                  <tags/>
                  <detail>
                     <field label="TaskProperties Parameters"
                            name="taskProperties"
                            nullable="true"
                            required="false"
                            type="reference"/>
                     <field label="Output Parameters"
                            name="output"
                            nullable="true"
                            required="false"
                            type="reference"/>
                     <field label="Fault"
                            name="fault"
                            nullable="true"
                            required="false"
                            type="reference"/>
                     <field label="Max Wait (Seconds)"
                            name="Max_Wait"
                            nullable="true"
                            required="false"
                            type="int"/>
                  </detail>
               </processObject>
               <processObject xmlns="http://schemas.active-endpoints.com/appmodules/screenflow/2011/06/avosHostEnvironment.xsd"
                              displayName="MT-m-EDW-STG-EDW-Job-History-aviSNBBdLQFkJ1oET3e3Ky"
                              isByCopy="true"
                              name="MT-m-EDW-STG-EDW-Job-History-aviSNBBdLQFkJ1oET3e3Ky">
                  <description/>
                  <tags/>
                  <detail>
                     <field label="TaskProperties Parameters"
                            name="taskProperties"
                            nullable="true"
                            required="false"
                            type="reference"/>
                     <field label="Output Parameters"
                            name="output"
                            nullable="true"
                            required="false"
                            type="reference"/>
                     <field label="Fault"
                            name="fault"
                            nullable="true"
                            required="false"
                            type="reference"/>
                     <field label="Max Wait (Seconds)"
                            name="Max_Wait"
                            nullable="true"
                            required="false"
                            type="int"/>
                  </detail>
               </processObject>
            </dependencies>
         </taskflow>
      </types1:Entry>
      <types1:GUID>0lcPwdJy5kah7HzxmhpAyT</types1:GUID>
      <types1:DisplayName>WF_EDW_STG_EDW_ALL</types1:DisplayName>
   </types1:Item>
   <types1:CurrentServerDateTime>2024-10-12T11:48:14.185Z</types1:CurrentServerDateTime>
</aetgt:getResponse>
