<aetgt:getResponse xmlns:aetgt="http://schemas.active-endpoints.com/appmodules/repository/2010/10/avrepository.xsd"
                   xmlns:types1="http://schemas.active-endpoints.com/appmodules/repository/2010/10/avrepository.xsd">
   <types1:Item>
      <types1:EntryId>BHSCpwNXHS45bfT-gt-1841901-2024-09-22T06:15:15.442Z::tf.xml</types1:EntryId>
      <types1:Name>WF_ENTERPRISE_HR_DATA_WARESHOUSE_ALL</types1:Name>
      <types1:MimeType>application/xml+taskflow</types1:MimeType>
      <types1:Description/>
      <types1:AppliesTo/>
      <types1:Tags/>
      <types1:VersionLabel>1.0</types1:VersionLabel>
      <types1:State>CURRENT</types1:State>
      <types1:ProcessGroup/>
      <types1:CreatedBy>dheeraj.collabera@gmail.com</types1:CreatedBy>
      <types1:CreationDate>2024-09-22T06:15:15Z</types1:CreationDate>
      <types1:ModifiedBy>dheeraj.collabera@gmail.com</types1:ModifiedBy>
      <types1:ModificationDate>2024-09-22T06:17:16Z</types1:ModificationDate>
      <types1:PublicationStatus>out-of-date</types1:PublicationStatus>
      <types1:PublishedBy>dheeraj.collabera@gmail.com</types1:PublishedBy>
      <types1:PublicationDate>2024-09-22T06:17:31Z</types1:PublicationDate>
      <types1:PublishedContributionId>project:/tf.WF_ENTERPRISE_HR_DATA_WARESHOUSE_ALL/WF_ENTERPRISE_HR_DATA_WARESHOUSE_ALL.tf.xml</types1:PublishedContributionId>
      <types1:Entry>
         <taskflow xmlns="http://schemas.active-endpoints.com/appmodules/screenflow/2010/10/avosScreenflow.xsd"
                   xmlns:tfm="http://schemas.active-endpoints.com/appmodules/screenflow/2021/04/taskflowModel.xsd"
                   xmlns:list="urn:activevos:spi:list:functions"
                   displayName="WF_ENTERPRISE_HR_DATA_WARESHOUSE_ALL"
                   name="WF_ENTERPRISE_HR_DATA_WARESHOUSE_ALL"
                   overrideAPIName="true">
            <parameterSet xmlns="http://schemas.active-endpoints.com/appmodules/screenflow/2021/04/taskflowModel.xsd"/>
            <appliesTo/>
            <description/>
            <tags/>
            <generator>Informatica Process Designer 11</generator>
            <tempFields>
               <field description="" name="WF_SRC_EDW_STG_HR_ALL" type="reference">
                  <options>
                     <option name="referenceTo">$po:InternalInfaSubTaskflowField</option>
                     <option name="failOnNotRun">false</option>
                     <option name="failOnFault">false</option>
                  </options>
               </field>
               <field description="" name="WF_EDW_STG_EDW_ALL" type="reference">
                  <options>
                     <option name="referenceTo">$po:InternalInfaSubTaskflowField</option>
                     <option name="failOnNotRun">false</option>
                     <option name="failOnFault">false</option>
                  </options>
               </field>
            </tempFields>
            <notes/>
            <deployment skipIfRunning="true" suspendOnFault="true" tracingLevel="verbose">
               <rest>
                  <allowedUsers>
                     <user>dheeraj.collabera@gmail.com</user>
                  </allowedUsers>
               </rest>
            </deployment>
            <extData>
               <nvpair name="treatEmptyStringAsNotNull">false</nvpair>
               <nvpair name="treatEmptyObjectListAsArray">false</nvpair>
            </extData>
            <flow id="a">
               <start id="b">
                  <link id="m0885u1q" targetId="m0885u1p"/>
               </start>
               <subflow id="m0885u1p">
                  <title>WF_SRC_EDW_STG_HR_ALL</title>
                  <subflowGUID>jiaiFwh33yjkvRNA8yp60K</subflowGUID>
                  <subflowPath>WF_SRC_EDW_STG_HR_ALL</subflowPath>
                  <runForEach>false</runForEach>
                  <input/>
                  <outputDef/>
                  <link id="m0885u1w" targetId="m0885u1v"/>
               </subflow>
               <subflow id="m0885u1v">
                  <title>WF_EDW_STG_EDW_ALL</title>
                  <subflowGUID>8SD1tx9x50Ad3gawDtJZot</subflowGUID>
                  <subflowPath>WF_EDW_STG_EDW_HR_ALL</subflowPath>
                  <runForEach>false</runForEach>
                  <input/>
                  <outputDef/>
                  <link id="m0885u1x" targetId="c"/>
               </subflow>
               <end id="c"/>
            </flow>
            <dependencies>
               <processObject xmlns="http://schemas.active-endpoints.com/appmodules/screenflow/2011/06/avosHostEnvironment.xsd"
                              displayName="InternalInfaSubTaskflowField"
                              isByCopy="true"
                              name="InternalInfaSubTaskflowField">
                  <description>This process object represents a subtaskflow type reference field.</description>
                  <tags/>
                  <detail/>
               </processObject>
            </dependencies>
         </taskflow>
      </types1:Entry>
      <types1:GUID>6Kb0NPzLe5yh8jmvHVLRmt</types1:GUID>
      <types1:DisplayName>WF_ENTERPRISE_HR_DATA_WARESHOUSE_ALL</types1:DisplayName>
   </types1:Item>
   <types1:CurrentServerDateTime>2024-10-12T11:48:14.343Z</types1:CurrentServerDateTime>
</aetgt:getResponse>
