<aetgt:getResponse xmlns:aetgt="http://schemas.active-endpoints.com/appmodules/repository/2010/10/avrepository.xsd"
                   xmlns:types1="http://schemas.active-endpoints.com/appmodules/repository/2010/10/avrepository.xsd">
   <types1:Item>
      <types1:EntryId>nyXYDdxKlFmVSci-gt-9671843-2024-08-29T07:02:52.097Z::tf.xml</types1:EntryId>
      <types1:Name>WF_SRC_EDW_STG_ALL</types1:Name>
      <types1:MimeType>application/xml+taskflow</types1:MimeType>
      <types1:Description>ABC</types1:Description>
      <types1:AppliesTo/>
      <types1:Tags/>
      <types1:VersionLabel>1.0</types1:VersionLabel>
      <types1:State>CURRENT</types1:State>
      <types1:ProcessGroup/>
      <types1:CreatedBy>dheeraj.collabera@gmail.com</types1:CreatedBy>
      <types1:CreationDate>2024-08-29T07:02:52Z</types1:CreationDate>
      <types1:ModifiedBy>dheeraj.collabera@gmail.com</types1:ModifiedBy>
      <types1:ModificationDate>2024-10-11T16:53:08Z</types1:ModificationDate>
      <types1:PublicationStatus>published</types1:PublicationStatus>
      <types1:PublishedBy>dheeraj.collabera@gmail.com</types1:PublishedBy>
      <types1:PublicationDate>2024-10-11T16:54:37Z</types1:PublicationDate>
      <types1:PublishedContributionId>project:/tf.WF_SRC_EDW_STG_ALL/WF_SRC_EDW_STG_ALL.tf.xml</types1:PublishedContributionId>
      <types1:Entry>
         <taskflow xmlns="http://schemas.active-endpoints.com/appmodules/screenflow/2010/10/avosScreenflow.xsd"
                   xmlns:tfm="http://schemas.active-endpoints.com/appmodules/screenflow/2021/04/taskflowModel.xsd"
                   xmlns:list="urn:activevos:spi:list:functions"
                   displayName="WF_SRC_EDW_STG_ALL"
                   name="WF_SRC_EDW_STG_ALL"
                   overrideAPIName="false">
            <parameterSet xmlns="http://schemas.active-endpoints.com/appmodules/screenflow/2021/04/taskflowModel.xsd"/>
            <appliesTo/>
            <description>ABC</description>
            <tags/>
            <generator>Informatica Process Designer 11</generator>
            <tempFields>
               <field description="" name="DT_SRC_EDW_STG_Employees" type="reference">
                  <options>
                     <option name="failOnNotRun">true</option>
                     <option name="failOnFault">true</option>
                     <option name="referenceTo">$po:MT-m-SRC-EDW-STG-Employees-15ItqyMNdmLkrv7eQ10WmX</option>
                  </options>
               </field>
               <field description="" name="MT_m_SRC_EDW_STG_Regions" type="reference">
                  <options>
                     <option name="failOnNotRun">false</option>
                     <option name="failOnFault">false</option>
                     <option name="referenceTo">$po:MT-m-SRC-EDW-STG-Regions-2g2XuXQ7MP1hPUvBcAFRU8</option>
                  </options>
               </field>
               <field description="" name="MT_m_SRC_EDW_STG_Countries" type="reference">
                  <options>
                     <option name="failOnNotRun">false</option>
                     <option name="failOnFault">false</option>
                     <option name="referenceTo">$po:MT-m-SRC-EDW-STG-Countries-0mXkATo34slh6nUaRlCvC1</option>
                  </options>
               </field>
               <field description="" name="MT_m_SRC_EDW_STG_Locations" type="reference">
                  <options>
                     <option name="failOnNotRun">false</option>
                     <option name="failOnFault">false</option>
                     <option name="referenceTo">$po:MT-m-SRC-EDW-STG-Locations-5rDHajWP8A4hpqvZXOMAW0</option>
                  </options>
               </field>
               <field description="" name="MT_m_SRC_EDW_STG_Departments" type="reference">
                  <options>
                     <option name="failOnNotRun">false</option>
                     <option name="failOnFault">false</option>
                     <option name="referenceTo">$po:MT-m-SRC-EDW-STG-Departments-kQDMiTN2ng5gWp5zGMpYIq</option>
                  </options>
               </field>
               <field description="" name="MT_m_SRC_EDW_STG_Jobs" type="reference">
                  <options>
                     <option name="failOnNotRun">false</option>
                     <option name="failOnFault">false</option>
                     <option name="referenceTo">$po:MT-m-SRC-EDW-STG-Jobs-4sdLgh7OqUQkvcK2DZ5iI9</option>
                  </options>
               </field>
               <field description="" name="MT_m_SRC_EDW_STG_Job_History" type="reference">
                  <options>
                     <option name="failOnNotRun">false</option>
                     <option name="failOnFault">false</option>
                     <option name="referenceTo">$po:MT-m-SRC-EDW-STG-Job-History-45EG8CDE5OrbtANJ34K4qp</option>
                  </options>
               </field>
            </tempFields>
            <notes/>
            <deployment skipIfRunning="true" suspendOnFault="true" tracingLevel="verbose">
               <rest>
                  <allowedUsers>
                     <user>dheeraj.papola@collaberadigital.com</user>
                  </allowedUsers>
               </rest>
            </deployment>
            <extData>
               <nvpair name="treatEmptyStringAsNotNull">false</nvpair>
               <nvpair name="treatEmptyObjectListAsArray">false</nvpair>
            </extData>
            <flow id="a">
               <start id="b">
                  <link id="m05c24rb" targetId="m05c24rf"/>
               </start>
               <eventContainer id="m05c24rf">
                  <service id="m05c24ra">
                     <title>MT_m_SRC_EDW_STG_Regions</title>
                     <serviceName>ICSExecuteDataTask</serviceName>
                     <serviceGUID/>
                     <serviceInput>
                        <parameter name="Wait for Task to Complete" source="constant" updatable="true">true</parameter>
                        <parameter name="Max Wait" source="constant" updatable="true">604800</parameter>
                        <parameter name="Task Name" source="constant" updatable="true">MT_m_SRC_EDW_STG_Regions</parameter>
                        <parameter name="GUID" source="constant" updatable="true">2g2XuXQ7MP1hPUvBcAFRU8</parameter>
                        <parameter name="Task Type" source="constant" updatable="true">MCT</parameter>
                        <parameter name="Has Inout Parameters" source="constant" updatable="true">false</parameter>
                        <parameter name="taskField" source="nested">
                           <operation source="field" to="MT-m-SRC-EDW-STG-Regions-2g2XuXQ7MP1hPUvBcAFRU8">temp.MT_m_SRC_EDW_STG_Regions</operation>
                        </parameter>
                     </serviceInput>
                     <serviceOutput>
                        <operation source="field" to="temp.MT_m_SRC_EDW_STG_Regions/output/Object_Name">Object Name</operation>
                        <operation source="field" to="temp.MT_m_SRC_EDW_STG_Regions/output/Run_Id">Run Id</operation>
                        <operation source="field" to="temp.MT_m_SRC_EDW_STG_Regions/output/Log_Id">Log Id</operation>
                        <operation source="field" to="temp.MT_m_SRC_EDW_STG_Regions/output/Task_Id">Task Id</operation>
                        <operation source="field" to="temp.MT_m_SRC_EDW_STG_Regions/output/Task_Status">Task Status</operation>
                        <operation source="field"
                                   to="temp.MT_m_SRC_EDW_STG_Regions/output/Success_Source_Rows">Success Source Rows</operation>
                        <operation source="field"
                                   to="temp.MT_m_SRC_EDW_STG_Regions/output/Failed_Source_Rows">Failed Source Rows</operation>
                        <operation source="field"
                                   to="temp.MT_m_SRC_EDW_STG_Regions/output/Success_Target_Rows">Success Target Rows</operation>
                        <operation source="field"
                                   to="temp.MT_m_SRC_EDW_STG_Regions/output/Failed_Target_Rows">Failed Target Rows</operation>
                        <operation source="field" to="temp.MT_m_SRC_EDW_STG_Regions/output/Start_Time">Start Time</operation>
                        <operation source="field" to="temp.MT_m_SRC_EDW_STG_Regions/output/End_Time">End Time</operation>
                        <operation source="field" to="temp.MT_m_SRC_EDW_STG_Regions/output/Error_Message">Error Message</operation>
                        <operation source="field"
                                   to="temp.MT_m_SRC_EDW_STG_Regions/output/TotalTransErrors">Total Transformation Errors</operation>
                        <operation source="field" to="temp.MT_m_SRC_EDW_STG_Regions/output/FirstErrorCode">First Error Code</operation>
                     </serviceOutput>
                  </service>
                  <link id="m05c24v1" targetId="m05c24v5"/>
                  <events>
                     <catch faultField="temp.MT_m_SRC_EDW_STG_Regions/fault"
                            id="m05c24rd"
                            interrupting="true"
                            name="error">
                        <suspend/>
                     </catch>
                     <catch faultField="temp.MT_m_SRC_EDW_STG_Regions/fault"
                            id="m05c24re"
                            interrupting="true"
                            name="warning"/>
                  </events>
               </eventContainer>
               <eventContainer id="m05c24v5">
                  <service id="m05c24v0">
                     <title>MT_m_SRC_EDW_STG_Countries</title>
                     <serviceName>ICSExecuteDataTask</serviceName>
                     <serviceGUID/>
                     <serviceInput>
                        <parameter name="Wait for Task to Complete" source="constant" updatable="true">true</parameter>
                        <parameter name="Max Wait" source="constant" updatable="true">604800</parameter>
                        <parameter name="Task Name" source="constant" updatable="true">MT_m_SRC_EDW_STG_Countries</parameter>
                        <parameter name="GUID" source="constant" updatable="true">0mXkATo34slh6nUaRlCvC1</parameter>
                        <parameter name="Task Type" source="constant" updatable="true">MCT</parameter>
                        <parameter name="Has Inout Parameters" source="constant" updatable="true">false</parameter>
                        <parameter name="taskField" source="nested">
                           <operation source="field" to="MT-m-SRC-EDW-STG-Countries-0mXkATo34slh6nUaRlCvC1">temp.MT_m_SRC_EDW_STG_Countries</operation>
                        </parameter>
                     </serviceInput>
                     <serviceOutput>
                        <operation source="field" to="temp.MT_m_SRC_EDW_STG_Countries/output/Object_Name">Object Name</operation>
                        <operation source="field" to="temp.MT_m_SRC_EDW_STG_Countries/output/Run_Id">Run Id</operation>
                        <operation source="field" to="temp.MT_m_SRC_EDW_STG_Countries/output/Log_Id">Log Id</operation>
                        <operation source="field" to="temp.MT_m_SRC_EDW_STG_Countries/output/Task_Id">Task Id</operation>
                        <operation source="field" to="temp.MT_m_SRC_EDW_STG_Countries/output/Task_Status">Task Status</operation>
                        <operation source="field"
                                   to="temp.MT_m_SRC_EDW_STG_Countries/output/Success_Source_Rows">Success Source Rows</operation>
                        <operation source="field"
                                   to="temp.MT_m_SRC_EDW_STG_Countries/output/Failed_Source_Rows">Failed Source Rows</operation>
                        <operation source="field"
                                   to="temp.MT_m_SRC_EDW_STG_Countries/output/Success_Target_Rows">Success Target Rows</operation>
                        <operation source="field"
                                   to="temp.MT_m_SRC_EDW_STG_Countries/output/Failed_Target_Rows">Failed Target Rows</operation>
                        <operation source="field" to="temp.MT_m_SRC_EDW_STG_Countries/output/Start_Time">Start Time</operation>
                        <operation source="field" to="temp.MT_m_SRC_EDW_STG_Countries/output/End_Time">End Time</operation>
                        <operation source="field"
                                   to="temp.MT_m_SRC_EDW_STG_Countries/output/Error_Message">Error Message</operation>
                        <operation source="field"
                                   to="temp.MT_m_SRC_EDW_STG_Countries/output/TotalTransErrors">Total Transformation Errors</operation>
                        <operation source="field"
                                   to="temp.MT_m_SRC_EDW_STG_Countries/output/FirstErrorCode">First Error Code</operation>
                     </serviceOutput>
                  </service>
                  <link id="m05c24wr" targetId="m05c24wv"/>
                  <events>
                     <catch faultField="temp.MT_m_SRC_EDW_STG_Countries/fault"
                            id="m05c24v3"
                            interrupting="true"
                            name="error">
                        <suspend/>
                     </catch>
                     <catch faultField="temp.MT_m_SRC_EDW_STG_Countries/fault"
                            id="m05c24v4"
                            interrupting="true"
                            name="warning"/>
                  </events>
               </eventContainer>
               <eventContainer id="m05c24wv">
                  <service id="m05c24wq">
                     <title>MT_m_SRC_EDW_STG_Locations</title>
                     <serviceName>ICSExecuteDataTask</serviceName>
                     <serviceGUID/>
                     <serviceInput>
                        <parameter name="Wait for Task to Complete" source="constant" updatable="true">true</parameter>
                        <parameter name="Max Wait" source="constant" updatable="true">604800</parameter>
                        <parameter name="Task Name" source="constant" updatable="true">MT_m_SRC_EDW_STG_Locations</parameter>
                        <parameter name="GUID" source="constant" updatable="true">5rDHajWP8A4hpqvZXOMAW0</parameter>
                        <parameter name="Task Type" source="constant" updatable="true">MCT</parameter>
                        <parameter name="Has Inout Parameters" source="constant" updatable="true">false</parameter>
                        <parameter name="taskField" source="nested">
                           <operation source="field" to="MT-m-SRC-EDW-STG-Locations-5rDHajWP8A4hpqvZXOMAW0">temp.MT_m_SRC_EDW_STG_Locations</operation>
                        </parameter>
                     </serviceInput>
                     <serviceOutput>
                        <operation source="field" to="temp.MT_m_SRC_EDW_STG_Locations/output/Object_Name">Object Name</operation>
                        <operation source="field" to="temp.MT_m_SRC_EDW_STG_Locations/output/Run_Id">Run Id</operation>
                        <operation source="field" to="temp.MT_m_SRC_EDW_STG_Locations/output/Log_Id">Log Id</operation>
                        <operation source="field" to="temp.MT_m_SRC_EDW_STG_Locations/output/Task_Id">Task Id</operation>
                        <operation source="field" to="temp.MT_m_SRC_EDW_STG_Locations/output/Task_Status">Task Status</operation>
                        <operation source="field"
                                   to="temp.MT_m_SRC_EDW_STG_Locations/output/Success_Source_Rows">Success Source Rows</operation>
                        <operation source="field"
                                   to="temp.MT_m_SRC_EDW_STG_Locations/output/Failed_Source_Rows">Failed Source Rows</operation>
                        <operation source="field"
                                   to="temp.MT_m_SRC_EDW_STG_Locations/output/Success_Target_Rows">Success Target Rows</operation>
                        <operation source="field"
                                   to="temp.MT_m_SRC_EDW_STG_Locations/output/Failed_Target_Rows">Failed Target Rows</operation>
                        <operation source="field" to="temp.MT_m_SRC_EDW_STG_Locations/output/Start_Time">Start Time</operation>
                        <operation source="field" to="temp.MT_m_SRC_EDW_STG_Locations/output/End_Time">End Time</operation>
                        <operation source="field"
                                   to="temp.MT_m_SRC_EDW_STG_Locations/output/Error_Message">Error Message</operation>
                        <operation source="field"
                                   to="temp.MT_m_SRC_EDW_STG_Locations/output/TotalTransErrors">Total Transformation Errors</operation>
                        <operation source="field"
                                   to="temp.MT_m_SRC_EDW_STG_Locations/output/FirstErrorCode">First Error Code</operation>
                     </serviceOutput>
                  </service>
                  <link id="m05c24yh" targetId="m05c24yl"/>
                  <events>
                     <catch faultField="temp.MT_m_SRC_EDW_STG_Locations/fault"
                            id="m05c24wt"
                            interrupting="true"
                            name="error">
                        <suspend/>
                     </catch>
                     <catch faultField="temp.MT_m_SRC_EDW_STG_Locations/fault"
                            id="m05c24wu"
                            interrupting="true"
                            name="warning"/>
                  </events>
               </eventContainer>
               <eventContainer id="m05c24yl">
                  <service id="m05c24yg">
                     <title>MT_m_SRC_EDW_STG_Departments</title>
                     <serviceName>ICSExecuteDataTask</serviceName>
                     <serviceGUID/>
                     <serviceInput>
                        <parameter name="Wait for Task to Complete" source="constant" updatable="true">true</parameter>
                        <parameter name="Max Wait" source="constant" updatable="true">604800</parameter>
                        <parameter name="Task Name" source="constant" updatable="true">MT_m_SRC_EDW_STG_Departments</parameter>
                        <parameter name="GUID" source="constant" updatable="true">kQDMiTN2ng5gWp5zGMpYIq</parameter>
                        <parameter name="Task Type" source="constant" updatable="true">MCT</parameter>
                        <parameter name="Has Inout Parameters" source="constant" updatable="true">false</parameter>
                        <parameter name="taskField" source="nested">
                           <operation source="field" to="MT-m-SRC-EDW-STG-Departments-kQDMiTN2ng5gWp5zGMpYIq">temp.MT_m_SRC_EDW_STG_Departments</operation>
                        </parameter>
                     </serviceInput>
                     <serviceOutput>
                        <operation source="field"
                                   to="temp.MT_m_SRC_EDW_STG_Departments/output/Object_Name">Object Name</operation>
                        <operation source="field" to="temp.MT_m_SRC_EDW_STG_Departments/output/Run_Id">Run Id</operation>
                        <operation source="field" to="temp.MT_m_SRC_EDW_STG_Departments/output/Log_Id">Log Id</operation>
                        <operation source="field" to="temp.MT_m_SRC_EDW_STG_Departments/output/Task_Id">Task Id</operation>
                        <operation source="field"
                                   to="temp.MT_m_SRC_EDW_STG_Departments/output/Task_Status">Task Status</operation>
                        <operation source="field"
                                   to="temp.MT_m_SRC_EDW_STG_Departments/output/Success_Source_Rows">Success Source Rows</operation>
                        <operation source="field"
                                   to="temp.MT_m_SRC_EDW_STG_Departments/output/Failed_Source_Rows">Failed Source Rows</operation>
                        <operation source="field"
                                   to="temp.MT_m_SRC_EDW_STG_Departments/output/Success_Target_Rows">Success Target Rows</operation>
                        <operation source="field"
                                   to="temp.MT_m_SRC_EDW_STG_Departments/output/Failed_Target_Rows">Failed Target Rows</operation>
                        <operation source="field" to="temp.MT_m_SRC_EDW_STG_Departments/output/Start_Time">Start Time</operation>
                        <operation source="field" to="temp.MT_m_SRC_EDW_STG_Departments/output/End_Time">End Time</operation>
                        <operation source="field"
                                   to="temp.MT_m_SRC_EDW_STG_Departments/output/Error_Message">Error Message</operation>
                        <operation source="field"
                                   to="temp.MT_m_SRC_EDW_STG_Departments/output/TotalTransErrors">Total Transformation Errors</operation>
                        <operation source="field"
                                   to="temp.MT_m_SRC_EDW_STG_Departments/output/FirstErrorCode">First Error Code</operation>
                     </serviceOutput>
                  </service>
                  <link id="m05c2507" targetId="m05c250b"/>
                  <events>
                     <catch faultField="temp.MT_m_SRC_EDW_STG_Departments/fault"
                            id="m05c24yj"
                            interrupting="true"
                            name="error">
                        <suspend/>
                     </catch>
                     <catch faultField="temp.MT_m_SRC_EDW_STG_Departments/fault"
                            id="m05c24yk"
                            interrupting="true"
                            name="warning"/>
                  </events>
               </eventContainer>
               <eventContainer id="m05c250b">
                  <service id="m05c2506">
                     <title>MT_m_SRC_EDW_STG_Jobs</title>
                     <serviceName>ICSExecuteDataTask</serviceName>
                     <serviceGUID/>
                     <serviceInput>
                        <parameter name="Wait for Task to Complete" source="constant" updatable="true">true</parameter>
                        <parameter name="Max Wait" source="constant" updatable="true">604800</parameter>
                        <parameter name="Task Name" source="constant" updatable="true">MT_m_SRC_EDW_STG_Jobs</parameter>
                        <parameter name="GUID" source="constant" updatable="true">4sdLgh7OqUQkvcK2DZ5iI9</parameter>
                        <parameter name="Task Type" source="constant" updatable="true">MCT</parameter>
                        <parameter name="Has Inout Parameters" source="constant" updatable="true">false</parameter>
                        <parameter name="taskField" source="nested">
                           <operation source="field" to="MT-m-SRC-EDW-STG-Jobs-4sdLgh7OqUQkvcK2DZ5iI9">temp.MT_m_SRC_EDW_STG_Jobs</operation>
                        </parameter>
                     </serviceInput>
                     <serviceOutput>
                        <operation source="field" to="temp.MT_m_SRC_EDW_STG_Jobs/output/Object_Name">Object Name</operation>
                        <operation source="field" to="temp.MT_m_SRC_EDW_STG_Jobs/output/Run_Id">Run Id</operation>
                        <operation source="field" to="temp.MT_m_SRC_EDW_STG_Jobs/output/Log_Id">Log Id</operation>
                        <operation source="field" to="temp.MT_m_SRC_EDW_STG_Jobs/output/Task_Id">Task Id</operation>
                        <operation source="field" to="temp.MT_m_SRC_EDW_STG_Jobs/output/Task_Status">Task Status</operation>
                        <operation source="field"
                                   to="temp.MT_m_SRC_EDW_STG_Jobs/output/Success_Source_Rows">Success Source Rows</operation>
                        <operation source="field"
                                   to="temp.MT_m_SRC_EDW_STG_Jobs/output/Failed_Source_Rows">Failed Source Rows</operation>
                        <operation source="field"
                                   to="temp.MT_m_SRC_EDW_STG_Jobs/output/Success_Target_Rows">Success Target Rows</operation>
                        <operation source="field"
                                   to="temp.MT_m_SRC_EDW_STG_Jobs/output/Failed_Target_Rows">Failed Target Rows</operation>
                        <operation source="field" to="temp.MT_m_SRC_EDW_STG_Jobs/output/Start_Time">Start Time</operation>
                        <operation source="field" to="temp.MT_m_SRC_EDW_STG_Jobs/output/End_Time">End Time</operation>
                        <operation source="field" to="temp.MT_m_SRC_EDW_STG_Jobs/output/Error_Message">Error Message</operation>
                        <operation source="field" to="temp.MT_m_SRC_EDW_STG_Jobs/output/TotalTransErrors">Total Transformation Errors</operation>
                        <operation source="field" to="temp.MT_m_SRC_EDW_STG_Jobs/output/FirstErrorCode">First Error Code</operation>
                     </serviceOutput>
                  </service>
                  <link id="m05c2508" targetId="m0237ip1"/>
                  <events>
                     <catch faultField="temp.MT_m_SRC_EDW_STG_Jobs/fault"
                            id="m05c2509"
                            interrupting="true"
                            name="error">
                        <suspend/>
                     </catch>
                     <catch faultField="temp.MT_m_SRC_EDW_STG_Jobs/fault"
                            id="m05c250a"
                            interrupting="true"
                            name="warning"/>
                  </events>
               </eventContainer>
               <eventContainer id="m0237ip1">
                  <service id="m0237iov">
                     <title>DT_SRC_EDW_STG_Employees</title>
                     <serviceName>ICSExecuteDataTask</serviceName>
                     <serviceGUID/>
                     <serviceInput>
                        <parameter name="Wait for Task to Complete" source="constant" updatable="true">true</parameter>
                        <parameter name="Max Wait" source="constant" updatable="true">604800</parameter>
                        <parameter name="Task Name" source="constant" updatable="true">MT_m_SRC_EDW_STG_Employees</parameter>
                        <parameter name="GUID" source="constant" updatable="true">15ItqyMNdmLkrv7eQ10WmX</parameter>
                        <parameter name="Task Type" source="constant" updatable="true">MCT</parameter>
                        <parameter name="Has Inout Parameters" source="constant" updatable="true">false</parameter>
                        <parameter name="taskField" source="nested">
                           <operation source="field" to="MT-m-SRC-EDW-STG-Employees-15ItqyMNdmLkrv7eQ10WmX">temp.DT_SRC_EDW_STG_Employees</operation>
                        </parameter>
                     </serviceInput>
                     <serviceOutput>
                        <operation source="field" to="temp.DT_SRC_EDW_STG_Employees/output/Object_Name">Object Name</operation>
                        <operation source="field" to="temp.DT_SRC_EDW_STG_Employees/output/Run_Id">Run Id</operation>
                        <operation source="field" to="temp.DT_SRC_EDW_STG_Employees/output/Log_Id">Log Id</operation>
                        <operation source="field" to="temp.DT_SRC_EDW_STG_Employees/output/Task_Id">Task Id</operation>
                        <operation source="field" to="temp.DT_SRC_EDW_STG_Employees/output/Task_Status">Task Status</operation>
                        <operation source="field"
                                   to="temp.DT_SRC_EDW_STG_Employees/output/Success_Source_Rows">Success Source Rows</operation>
                        <operation source="field"
                                   to="temp.DT_SRC_EDW_STG_Employees/output/Failed_Source_Rows">Failed Source Rows</operation>
                        <operation source="field"
                                   to="temp.DT_SRC_EDW_STG_Employees/output/Success_Target_Rows">Success Target Rows</operation>
                        <operation source="field"
                                   to="temp.DT_SRC_EDW_STG_Employees/output/Failed_Target_Rows">Failed Target Rows</operation>
                        <operation source="field" to="temp.DT_SRC_EDW_STG_Employees/output/Start_Time">Start Time</operation>
                        <operation source="field" to="temp.DT_SRC_EDW_STG_Employees/output/End_Time">End Time</operation>
                        <operation source="field" to="temp.DT_SRC_EDW_STG_Employees/output/Error_Message">Error Message</operation>
                        <operation source="field"
                                   to="temp.DT_SRC_EDW_STG_Employees/output/TotalTransErrors">Total Transformation Errors</operation>
                        <operation source="field" to="temp.DT_SRC_EDW_STG_Employees/output/FirstErrorCode">First Error Code</operation>
                     </serviceOutput>
                  </service>
                  <link id="m05c251x" targetId="m05c2521"/>
                  <events>
                     <catch faultField="temp.DT_SRC_EDW_STG_Employees/fault"
                            id="m0237ioz"
                            interrupting="true"
                            name="error">
                        <suspend/>
                     </catch>
                     <catch faultField="temp.DT_SRC_EDW_STG_Employees/fault"
                            id="m0237ip0"
                            interrupting="true"
                            name="warning"/>
                  </events>
               </eventContainer>
               <eventContainer id="m05c2521">
                  <service id="m05c251w">
                     <title>MT_m_SRC_EDW_STG_Job_History</title>
                     <serviceName>ICSExecuteDataTask</serviceName>
                     <serviceGUID/>
                     <serviceInput>
                        <parameter name="Wait for Task to Complete" source="constant" updatable="true">true</parameter>
                        <parameter name="Max Wait" source="constant" updatable="true">604800</parameter>
                        <parameter name="Task Name" source="constant" updatable="true">MT_m_SRC_EDW_STG_Job_History</parameter>
                        <parameter name="GUID" source="constant" updatable="true">45EG8CDE5OrbtANJ34K4qp</parameter>
                        <parameter name="Task Type" source="constant" updatable="true">MCT</parameter>
                        <parameter name="Has Inout Parameters" source="constant" updatable="true">false</parameter>
                        <parameter name="taskField" source="nested">
                           <operation source="field" to="MT-m-SRC-EDW-STG-Job-History-45EG8CDE5OrbtANJ34K4qp">temp.MT_m_SRC_EDW_STG_Job_History</operation>
                        </parameter>
                     </serviceInput>
                     <serviceOutput>
                        <operation source="field"
                                   to="temp.MT_m_SRC_EDW_STG_Job_History/output/Object_Name">Object Name</operation>
                        <operation source="field" to="temp.MT_m_SRC_EDW_STG_Job_History/output/Run_Id">Run Id</operation>
                        <operation source="field" to="temp.MT_m_SRC_EDW_STG_Job_History/output/Log_Id">Log Id</operation>
                        <operation source="field" to="temp.MT_m_SRC_EDW_STG_Job_History/output/Task_Id">Task Id</operation>
                        <operation source="field"
                                   to="temp.MT_m_SRC_EDW_STG_Job_History/output/Task_Status">Task Status</operation>
                        <operation source="field"
                                   to="temp.MT_m_SRC_EDW_STG_Job_History/output/Success_Source_Rows">Success Source Rows</operation>
                        <operation source="field"
                                   to="temp.MT_m_SRC_EDW_STG_Job_History/output/Failed_Source_Rows">Failed Source Rows</operation>
                        <operation source="field"
                                   to="temp.MT_m_SRC_EDW_STG_Job_History/output/Success_Target_Rows">Success Target Rows</operation>
                        <operation source="field"
                                   to="temp.MT_m_SRC_EDW_STG_Job_History/output/Failed_Target_Rows">Failed Target Rows</operation>
                        <operation source="field" to="temp.MT_m_SRC_EDW_STG_Job_History/output/Start_Time">Start Time</operation>
                        <operation source="field" to="temp.MT_m_SRC_EDW_STG_Job_History/output/End_Time">End Time</operation>
                        <operation source="field"
                                   to="temp.MT_m_SRC_EDW_STG_Job_History/output/Error_Message">Error Message</operation>
                        <operation source="field"
                                   to="temp.MT_m_SRC_EDW_STG_Job_History/output/TotalTransErrors">Total Transformation Errors</operation>
                        <operation source="field"
                                   to="temp.MT_m_SRC_EDW_STG_Job_History/output/FirstErrorCode">First Error Code</operation>
                     </serviceOutput>
                  </service>
                  <link id="m05c251y" targetId="c"/>
                  <events>
                     <catch faultField="temp.MT_m_SRC_EDW_STG_Job_History/fault"
                            id="m05c251z"
                            interrupting="true"
                            name="error">
                        <suspend/>
                     </catch>
                     <catch faultField="temp.MT_m_SRC_EDW_STG_Job_History/fault"
                            id="m05c2520"
                            interrupting="true"
                            name="warning"/>
                  </events>
               </eventContainer>
               <end id="c"/>
            </flow>
            <dependencies>
               <processObject xmlns="http://schemas.active-endpoints.com/appmodules/screenflow/2011/06/avosHostEnvironment.xsd"
                              displayName="MT-m-SRC-EDW-STG-Employees-15ItqyMNdmLkrv7eQ10WmX"
                              isByCopy="true"
                              name="MT-m-SRC-EDW-STG-Employees-15ItqyMNdmLkrv7eQ10WmX">
                  <description/>
                  <tags/>
                  <detail>
                     <field label="TaskProperties Parameters"
                            name="taskProperties"
                            nullable="true"
                            required="false"
                            type="reference"/>
                     <field label="Output Parameters"
                            name="output"
                            nullable="true"
                            required="false"
                            type="reference"/>
                     <field label="Fault"
                            name="fault"
                            nullable="true"
                            required="false"
                            type="reference"/>
                     <field label="Max Wait (Seconds)"
                            name="Max_Wait"
                            nullable="true"
                            required="false"
                            type="int"/>
                  </detail>
               </processObject>
               <processObject xmlns="http://schemas.active-endpoints.com/appmodules/screenflow/2011/06/avosHostEnvironment.xsd"
                              displayName="MT-m-SRC-EDW-STG-Regions-2g2XuXQ7MP1hPUvBcAFRU8"
                              isByCopy="true"
                              name="MT-m-SRC-EDW-STG-Regions-2g2XuXQ7MP1hPUvBcAFRU8">
                  <description/>
                  <tags/>
                  <detail>
                     <field label="TaskProperties Parameters"
                            name="taskProperties"
                            nullable="true"
                            required="false"
                            type="reference"/>
                     <field label="Output Parameters"
                            name="output"
                            nullable="true"
                            required="false"
                            type="reference"/>
                     <field label="Fault"
                            name="fault"
                            nullable="true"
                            required="false"
                            type="reference"/>
                     <field label="Max Wait (Seconds)"
                            name="Max_Wait"
                            nullable="true"
                            required="false"
                            type="int"/>
                  </detail>
               </processObject>
               <processObject xmlns="http://schemas.active-endpoints.com/appmodules/screenflow/2011/06/avosHostEnvironment.xsd"
                              displayName="MT-m-SRC-EDW-STG-Countries-0mXkATo34slh6nUaRlCvC1"
                              isByCopy="true"
                              name="MT-m-SRC-EDW-STG-Countries-0mXkATo34slh6nUaRlCvC1">
                  <description/>
                  <tags/>
                  <detail>
                     <field label="TaskProperties Parameters"
                            name="taskProperties"
                            nullable="true"
                            required="false"
                            type="reference"/>
                     <field label="Output Parameters"
                            name="output"
                            nullable="true"
                            required="false"
                            type="reference"/>
                     <field label="Fault"
                            name="fault"
                            nullable="true"
                            required="false"
                            type="reference"/>
                     <field label="Max Wait (Seconds)"
                            name="Max_Wait"
                            nullable="true"
                            required="false"
                            type="int"/>
                  </detail>
               </processObject>
               <processObject xmlns="http://schemas.active-endpoints.com/appmodules/screenflow/2011/06/avosHostEnvironment.xsd"
                              displayName="MT-m-SRC-EDW-STG-Locations-5rDHajWP8A4hpqvZXOMAW0"
                              isByCopy="true"
                              name="MT-m-SRC-EDW-STG-Locations-5rDHajWP8A4hpqvZXOMAW0">
                  <description/>
                  <tags/>
                  <detail>
                     <field label="TaskProperties Parameters"
                            name="taskProperties"
                            nullable="true"
                            required="false"
                            type="reference"/>
                     <field label="Output Parameters"
                            name="output"
                            nullable="true"
                            required="false"
                            type="reference"/>
                     <field label="Fault"
                            name="fault"
                            nullable="true"
                            required="false"
                            type="reference"/>
                     <field label="Max Wait (Seconds)"
                            name="Max_Wait"
                            nullable="true"
                            required="false"
                            type="int"/>
                  </detail>
               </processObject>
               <processObject xmlns="http://schemas.active-endpoints.com/appmodules/screenflow/2011/06/avosHostEnvironment.xsd"
                              displayName="MT-m-SRC-EDW-STG-Departments-kQDMiTN2ng5gWp5zGMpYIq"
                              isByCopy="true"
                              name="MT-m-SRC-EDW-STG-Departments-kQDMiTN2ng5gWp5zGMpYIq">
                  <description/>
                  <tags/>
                  <detail>
                     <field label="TaskProperties Parameters"
                            name="taskProperties"
                            nullable="true"
                            required="false"
                            type="reference"/>
                     <field label="Output Parameters"
                            name="output"
                            nullable="true"
                            required="false"
                            type="reference"/>
                     <field label="Fault"
                            name="fault"
                            nullable="true"
                            required="false"
                            type="reference"/>
                     <field label="Max Wait (Seconds)"
                            name="Max_Wait"
                            nullable="true"
                            required="false"
                            type="int"/>
                  </detail>
               </processObject>
               <processObject xmlns="http://schemas.active-endpoints.com/appmodules/screenflow/2011/06/avosHostEnvironment.xsd"
                              displayName="MT-m-SRC-EDW-STG-Jobs-4sdLgh7OqUQkvcK2DZ5iI9"
                              isByCopy="true"
                              name="MT-m-SRC-EDW-STG-Jobs-4sdLgh7OqUQkvcK2DZ5iI9">
                  <description/>
                  <tags/>
                  <detail>
                     <field label="TaskProperties Parameters"
                            name="taskProperties"
                            nullable="true"
                            required="false"
                            type="reference"/>
                     <field label="Output Parameters"
                            name="output"
                            nullable="true"
                            required="false"
                            type="reference"/>
                     <field label="Fault"
                            name="fault"
                            nullable="true"
                            required="false"
                            type="reference"/>
                     <field label="Max Wait (Seconds)"
                            name="Max_Wait"
                            nullable="true"
                            required="false"
                            type="int"/>
                  </detail>
               </processObject>
               <processObject xmlns="http://schemas.active-endpoints.com/appmodules/screenflow/2011/06/avosHostEnvironment.xsd"
                              displayName="MT-m-SRC-EDW-STG-Job-History-45EG8CDE5OrbtANJ34K4qp"
                              isByCopy="true"
                              name="MT-m-SRC-EDW-STG-Job-History-45EG8CDE5OrbtANJ34K4qp">
                  <description/>
                  <tags/>
                  <detail>
                     <field label="TaskProperties Parameters"
                            name="taskProperties"
                            nullable="true"
                            required="false"
                            type="reference"/>
                     <field label="Output Parameters"
                            name="output"
                            nullable="true"
                            required="false"
                            type="reference"/>
                     <field label="Fault"
                            name="fault"
                            nullable="true"
                            required="false"
                            type="reference"/>
                     <field label="Max Wait (Seconds)"
                            name="Max_Wait"
                            nullable="true"
                            required="false"
                            type="int"/>
                  </detail>
               </processObject>
            </dependencies>
         </taskflow>
      </types1:Entry>
      <types1:GUID>7ATAwG17DALePW2eZEsxgG</types1:GUID>
      <types1:DisplayName>WF_SRC_EDW_STG_ALL</types1:DisplayName>
   </types1:Item>
   <types1:CurrentServerDateTime>2024-10-12T11:48:14.152Z</types1:CurrentServerDateTime>
</aetgt:getResponse>
