<aetgt:getResponse xmlns:aetgt="http://schemas.active-endpoints.com/appmodules/repository/2010/10/avrepository.xsd"
                   xmlns:types1="http://schemas.active-endpoints.com/appmodules/repository/2010/10/avrepository.xsd">
   <types1:Item>
      <types1:EntryId>m9D3LSLeJljxcgh-gt-1838161-2024-09-22T06:02:41.993Z::tf.xml</types1:EntryId>
      <types1:Name>WF_SRC_EDW_STG_HR_ALL</types1:Name>
      <types1:MimeType>application/xml+taskflow</types1:MimeType>
      <types1:Description/>
      <types1:AppliesTo/>
      <types1:Tags/>
      <types1:VersionLabel>1.0</types1:VersionLabel>
      <types1:State>CURRENT</types1:State>
      <types1:ProcessGroup/>
      <types1:CreatedBy>dheeraj.collabera@gmail.com</types1:CreatedBy>
      <types1:CreationDate>2024-09-22T06:02:42Z</types1:CreationDate>
      <types1:ModifiedBy>dheeraj.collabera@gmail.com</types1:ModifiedBy>
      <types1:ModificationDate>2024-09-22T06:04:50Z</types1:ModificationDate>
      <types1:PublicationStatus>published</types1:PublicationStatus>
      <types1:PublishedBy>dheeraj.collabera@gmail.com</types1:PublishedBy>
      <types1:PublicationDate>2024-09-22T06:17:31Z</types1:PublicationDate>
      <types1:PublishedContributionId>project:/tf.WF_SRC_EDW_STG_HR_ALL/WF_SRC_EDW_STG_HR_ALL.tf.xml</types1:PublishedContributionId>
      <types1:Entry>
         <taskflow xmlns="http://schemas.active-endpoints.com/appmodules/screenflow/2010/10/avosScreenflow.xsd"
                   xmlns:tfm="http://schemas.active-endpoints.com/appmodules/screenflow/2021/04/taskflowModel.xsd"
                   xmlns:list="urn:activevos:spi:list:functions"
                   displayName="WF_SRC_EDW_STG_HR_ALL"
                   name="WF_SRC_EDW_STG_HR_ALL"
                   overrideAPIName="false">
            <parameterSet xmlns="http://schemas.active-endpoints.com/appmodules/screenflow/2021/04/taskflowModel.xsd"/>
            <appliesTo/>
            <description/>
            <tags/>
            <generator>Informatica Process Designer 11</generator>
            <tempFields>
               <field description="" name="MT_m_EDW_STG_HR_ALL" type="reference">
                  <options>
                     <option name="failOnNotRun">false</option>
                     <option name="failOnFault">false</option>
                     <option name="referenceTo">$po:MT-m-EDW-STG-HR-ALL-0MAwCeOuPpXiHP9IXAB8yL</option>
                  </options>
               </field>
            </tempFields>
            <notes/>
            <deployment skipIfRunning="true" suspendOnFault="true" tracingLevel="verbose">
               <rest>
                  <allowedUsers>
                     <user>dheeraj.collabera@gmail.com</user>
                  </allowedUsers>
               </rest>
            </deployment>
            <extData>
               <nvpair name="treatEmptyStringAsNotNull">false</nvpair>
               <nvpair name="treatEmptyObjectListAsArray">false</nvpair>
            </extData>
            <flow id="a">
               <start id="b">
                  <link id="m1d69xzw" targetId="m1d69y0j"/>
               </start>
               <eventContainer id="m1d69y0j">
                  <service id="m1d69xzv">
                     <title>MT_m_EDW_STG_HR_ALL</title>
                     <serviceName>ICSExecuteDataTask</serviceName>
                     <serviceGUID/>
                     <serviceInput>
                        <parameter name="Wait for Task to Complete" source="constant" updatable="true">true</parameter>
                        <parameter name="Max Wait" source="constant" updatable="true">604800</parameter>
                        <parameter name="Task Name" source="constant" updatable="true">MT_m_EDW_STG_HR_ALL</parameter>
                        <parameter name="GUID" source="constant" updatable="true">0MAwCeOuPpXiHP9IXAB8yL</parameter>
                        <parameter name="Task Type" source="constant" updatable="true">MCT</parameter>
                        <parameter name="Has Inout Parameters" source="constant" updatable="true">false</parameter>
                        <parameter name="taskField" source="nested">
                           <operation source="field" to="MT-m-EDW-STG-HR-ALL-0MAwCeOuPpXiHP9IXAB8yL">temp.MT_m_EDW_STG_HR_ALL</operation>
                        </parameter>
                     </serviceInput>
                     <serviceOutput>
                        <operation source="field" to="temp.MT_m_EDW_STG_HR_ALL/output/Object_Name">Object Name</operation>
                        <operation source="field" to="temp.MT_m_EDW_STG_HR_ALL/output/Run_Id">Run Id</operation>
                        <operation source="field" to="temp.MT_m_EDW_STG_HR_ALL/output/Log_Id">Log Id</operation>
                        <operation source="field" to="temp.MT_m_EDW_STG_HR_ALL/output/Task_Id">Task Id</operation>
                        <operation source="field" to="temp.MT_m_EDW_STG_HR_ALL/output/Task_Status">Task Status</operation>
                        <operation source="field" to="temp.MT_m_EDW_STG_HR_ALL/output/Success_Source_Rows">Success Source Rows</operation>
                        <operation source="field" to="temp.MT_m_EDW_STG_HR_ALL/output/Failed_Source_Rows">Failed Source Rows</operation>
                        <operation source="field" to="temp.MT_m_EDW_STG_HR_ALL/output/Success_Target_Rows">Success Target Rows</operation>
                        <operation source="field" to="temp.MT_m_EDW_STG_HR_ALL/output/Failed_Target_Rows">Failed Target Rows</operation>
                        <operation source="field" to="temp.MT_m_EDW_STG_HR_ALL/output/Start_Time">Start Time</operation>
                        <operation source="field" to="temp.MT_m_EDW_STG_HR_ALL/output/End_Time">End Time</operation>
                        <operation source="field" to="temp.MT_m_EDW_STG_HR_ALL/output/Error_Message">Error Message</operation>
                        <operation source="field" to="temp.MT_m_EDW_STG_HR_ALL/output/TotalTransErrors">Total Transformation Errors</operation>
                        <operation source="field" to="temp.MT_m_EDW_STG_HR_ALL/output/FirstErrorCode">First Error Code</operation>
                     </serviceOutput>
                  </service>
                  <link id="m1d69xzx" targetId="c"/>
                  <events>
                     <catch faultField="temp.MT_m_EDW_STG_HR_ALL/fault"
                            id="m1d69y0h"
                            interrupting="true"
                            name="error">
                        <suspend/>
                     </catch>
                     <catch faultField="temp.MT_m_EDW_STG_HR_ALL/fault"
                            id="m1d69y0i"
                            interrupting="true"
                            name="warning"/>
                  </events>
               </eventContainer>
               <end id="c"/>
            </flow>
            <dependencies>
               <processObject xmlns="http://schemas.active-endpoints.com/appmodules/screenflow/2011/06/avosHostEnvironment.xsd"
                              displayName="MT-m-EDW-STG-HR-ALL-0MAwCeOuPpXiHP9IXAB8yL"
                              isByCopy="true"
                              name="MT-m-EDW-STG-HR-ALL-0MAwCeOuPpXiHP9IXAB8yL">
                  <description/>
                  <tags/>
                  <detail>
                     <field label="TaskProperties Parameters"
                            name="taskProperties"
                            nullable="true"
                            required="false"
                            type="reference"/>
                     <field label="Output Parameters"
                            name="output"
                            nullable="true"
                            required="false"
                            type="reference"/>
                     <field label="Fault"
                            name="fault"
                            nullable="true"
                            required="false"
                            type="reference"/>
                     <field label="Max Wait (Seconds)"
                            name="Max_Wait"
                            nullable="true"
                            required="false"
                            type="int"/>
                  </detail>
               </processObject>
            </dependencies>
         </taskflow>
      </types1:Entry>
      <types1:GUID>jiaiFwh33yjkvRNA8yp60K</types1:GUID>
      <types1:DisplayName>WF_SRC_EDW_STG_HR_ALL</types1:DisplayName>
   </types1:Item>
   <types1:CurrentServerDateTime>2024-10-12T11:48:14.021Z</types1:CurrentServerDateTime>
</aetgt:getResponse>
